timestamp,center_ctrl_az,center_ctrl_el,scan_index,az_offset,el_offset,scan_cmd_az,scan_cmd_el,actual_az,actual_el,settled,settle_err_az,settle_err_el,samples_per_point,valid_count,invalid_count,distance_median,distance_min,distance_max,distance_mean,raw_distances,hit,laser_comp_az,laser_comp_el,actual_laser_comp_az,actual_laser_comp_el,note
2026-06-05 21:03:59,56.272135,12.525833,1,0.000000,0.000000,56.272135,12.525833,,,0,inf,inf,5,0,5,,,,,"[null, null, null, null, null]",0,0.000000,0.000000,,,settle_timeout;no_valid_laser
2026-06-05 21:07:47,55.392578,12.347083,1,0.000000,0.000000,55.392578,12.347083,55.100000,12.300000,0,0.292578,0.047083,5,0,5,,,,,"[null, null, null, null, null]",0,0.000000,0.000000,-0.292578,-0.047083,settle_timeout;no_valid_laser
2026-06-05 21:08:03,55.392578,12.347083,2,0.100000,0.000000,55.492578,12.347083,55.100000,12.300000,0,0.392578,0.047083,5,0,5,,,,,"[null, null, null, null, null]",0,0.100000,0.000000,-0.292578,-0.047083,settle_timeout;no_valid_laser
2026-06-05 21:08:05,55.392578,12.347083,3,0.200000,0.000000,55.592578,12.347083,55.500000,12.300000,1,0.092578,0.047083,5,0,5,,,,,"[null, null, null, null, null]",0,0.200000,0.000000,0.107422,-0.047083,no_valid_laser
2026-06-05 21:08:06,55.392578,12.347083,4,0.300000,0.000000,55.692578,12.347083,55.500000,12.300000,1,0.192578,0.047083,5,0,5,,,,,"[null, null, null, null, null]",0,0.300000,0.000000,0.107422,-0.047083,no_valid_laser
2026-06-05 21:08:22,55.392578,12.347083,5,0.400000,0.000000,55.792578,12.347083,55.500000,12.300000,0,0.292578,0.047083,5,0,5,,,,,"[null, null, null, null, null]",0,0.400000,0.000000,0.107422,-0.047083,settle_timeout;no_valid_laser
2026-06-05 21:08:24,55.392578,12.347083,6,0.500000,0.000000,55.892578,12.347083,55.800000,12.300000,1,0.092578,0.047083,5,0,5,,,,,"[null, null, null, null, null]",0,0.500000,0.000000,0.407422,-0.047083,no_valid_laser
2026-06-05 21:08:25,55.392578,12.347083,7,0.600000,0.000000,55.992578,12.347083,55.800000,12.300000,1,0.192578,0.047083,5,0,5,,,,,"[null, null, null, null, null]",0,0.600000,0.000000,0.407422,-0.047083,no_valid_laser
2026-06-05 21:08:27,55.392578,12.347083,8,0.700000,0.000000,56.092578,12.347083,56.000000,12.300000,1,0.092578,0.047083,5,0,5,,,,,"[null, null, null, null, null]",0,0.700000,0.000000,0.607422,-0.047083,no_valid_laser
2026-06-05 21:08:29,55.392578,12.347083,9,0.800000,0.000000,56.192578,12.347083,56.000000,12.300000,1,0.192578,0.047083,5,0,5,,,,,"[null, null, null, null, null]",0,0.800000,0.000000,0.607422,-0.047083,no_valid_laser
2026-06-05 21:08:45,55.392578,12.347083,10,0.900000,0.000000,56.292578,12.347083,56.000000,12.300000,0,0.292578,0.047083,5,0,5,,,,,"[null, null, null, null, null]",0,0.900000,0.000000,0.607422,-0.047083,settle_timeout;no_valid_laser
2026-06-05 21:08:47,55.392578,12.347083,11,1.000000,0.000000,56.392578,12.347083,56.200000,12.300000,1,0.192578,0.047083,5,0,5,,,,,"[null, null, null, null, null]",0,1.000000,0.000000,0.807422,-0.047083,no_valid_laser
2026-06-05 21:08:48,55.392578,12.347083,12,1.000000,-0.100000,56.392578,12.247083,56.200000,12.300000,1,0.192578,-0.052917,5,0,5,,,,,"[null, null, null, null, null]",0,1.000000,-0.100000,0.807422,-0.047083,no_valid_laser
2026-06-05 21:08:49,55.392578,12.347083,13,0.900000,-0.100000,56.292578,12.247083,56.200000,12.300000,1,0.092578,-0.052917,5,0,5,,,,,"[null, null, null, null, null]",0,0.900000,-0.100000,0.807422,-0.047083,no_valid_laser
2026-06-05 21:08:51,55.392578,12.347083,14,0.800000,-0.100000,56.192578,12.247083,56.100000,12.300000,1,0.092578,-0.052917,5,0,5,,,,,"[null, null, null, null, null]",0,0.800000,-0.100000,0.707422,-0.047083,no_valid_laser
2026-06-05 21:08:52,55.392578,12.347083,15,0.700000,-0.100000,56.092578,12.247083,56.100000,12.300000,1,-0.007422,-0.052917,5,0,5,,,,,"[null, null, null, null, null]",0,0.700000,-0.100000,0.707422,-0.047083,no_valid_laser
2026-06-05 21:08:53,55.392578,12.347083,16,0.600000,-0.100000,55.992578,12.247083,56.100000,12.300000,1,-0.107422,-0.052917,5,0,5,,,,,"[null, null, null, null, null]",0,0.600000,-0.100000,0.707422,-0.047083,no_valid_laser
2026-06-05 21:08:55,55.392578,12.347083,17,0.500000,-0.100000,55.892578,12.247083,55.800000,12.300000,1,0.092578,-0.052917,5,0,5,,,,,"[null, null, null, null, null]",0,0.500000,-0.100000,0.407422,-0.047083,no_valid_laser
2026-06-05 21:08:56,55.392578,12.347083,18,0.400000,-0.100000,55.792578,12.247083,55.800000,12.300000,1,-0.007422,-0.052917,5,0,5,,,,,"[null, null, null, null, null]",0,0.400000,-0.100000,0.407422,-0.047083,no_valid_laser
2026-06-05 21:08:58,55.392578,12.347083,19,0.300000,-0.100000,55.692578,12.247083,55.500000,12.300000,1,0.192578,-0.052917,5,0,5,,,,,"[null, null, null, null, null]",0,0.300000,-0.100000,0.107422,-0.047083,no_valid_laser
2026-06-05 21:08:59,55.392578,12.347083,20,0.200000,-0.100000,55.592578,12.247083,55.500000,12.300000,1,0.092578,-0.052917,5,0,5,,,,,"[null, null, null, null, null]",0,0.200000,-0.100000,0.107422,-0.047083,no_valid_laser
2026-06-05 21:09:01,55.392578,12.347083,21,0.100000,-0.100000,55.492578,12.247083,55.500000,12.300000,1,-0.007422,-0.052917,5,0,5,,,,,"[null, null, null, null, null]",0,0.100000,-0.100000,0.107422,-0.047083,no_valid_laser
2026-06-05 21:09:02,55.392578,12.347083,22,0.000000,-0.100000,55.392578,12.247083,55.300000,12.300000,1,0.092578,-0.052917,5,0,5,,,,,"[null, null, null, null, null]",0,0.000000,-0.100000,-0.092578,-0.047083,no_valid_laser
2026-06-05 21:09:03,55.392578,12.347083,23,0.000000,-0.200000,55.392578,12.147083,55.300000,12.300000,1,0.092578,-0.152917,5,0,5,,,,,"[null, null, null, null, null]",0,0.000000,-0.200000,-0.092578,-0.047083,no_valid_laser
2026-06-05 21:09:05,55.392578,12.347083,24,0.100000,-0.200000,55.492578,12.147083,55.300000,12.300000,1,0.192578,-0.152917,5,0,5,,,,,"[null, null, null, null, null]",0,0.100000,-0.200000,-0.092578,-0.047083,no_valid_laser
2026-06-05 21:09:06,55.392578,12.347083,25,0.200000,-0.200000,55.592578,12.147083,55.400000,12.300000,1,0.192578,-0.152917,5,0,5,,,,,"[null, null, null, null, null]",0,0.200000,-0.200000,0.007422,-0.047083,no_valid_laser
2026-06-05 21:09:22,55.392578,12.347083,26,0.300000,-0.200000,55.692578,12.147083,55.400000,12.300000,0,0.292578,-0.152917,5,0,5,,,,,"[null, null, null, null, null]",0,0.300000,-0.200000,0.007422,-0.047083,settle_timeout;no_valid_laser
2026-06-05 21:09:38,55.392578,12.347083,27,0.400000,-0.200000,55.792578,12.147083,55.400000,12.300000,0,0.392578,-0.152917,5,0,5,,,,,"[null, null, null, null, null]",0,0.400000,-0.200000,0.007422,-0.047083,settle_timeout;no_valid_laser
2026-06-05 21:09:40,55.392578,12.347083,28,0.500000,-0.200000,55.892578,12.147083,55.700000,12.300000,1,0.192578,-0.152917,5,0,5,,,,,"[null, null, null, null, null]",0,0.500000,-0.200000,0.307422,-0.047083,no_valid_laser
2026-06-05 21:09:57,55.392578,12.347083,29,0.600000,-0.200000,55.992578,12.147083,55.700000,12.300000,0,0.292578,-0.152917,5,0,5,,,,,"[null, null, null, null, null]",0,0.600000,-0.200000,0.307422,-0.047083,settle_timeout;no_valid_laser
2026-06-05 21:09:58,55.392578,12.347083,30,0.700000,-0.200000,56.092578,12.147083,55.900000,12.300000,1,0.192578,-0.152917,5,0,5,,,,,"[null, null, null, null, null]",0,0.700000,-0.200000,0.507422,-0.047083,no_valid_laser
2026-06-05 21:10:14,55.392578,12.347083,31,0.800000,-0.200000,56.192578,12.147083,55.900000,12.300000,0,0.292578,-0.152917,5,0,5,,,,,"[null, null, null, null, null]",0,0.800000,-0.200000,0.507422,-0.047083,settle_timeout;no_valid_laser
2026-06-05 21:10:30,55.392578,12.347083,32,0.900000,-0.200000,56.292578,12.147083,55.900000,12.300000,0,0.392578,-0.152917,5,0,5,,,,,"[null, null, null, null, null]",0,0.900000,-0.200000,0.507422,-0.047083,settle_timeout;no_valid_laser
2026-06-05 21:10:32,55.392578,12.347083,33,1.000000,-0.200000,56.392578,12.147083,56.200000,12.300000,1,0.192578,-0.152917,5,0,5,,,,,"[null, null, null, null, null]",0,1.000000,-0.200000,0.807422,-0.047083,no_valid_laser
2026-06-05 21:10:34,55.392578,12.347083,34,1.000000,-0.300000,56.392578,12.047083,56.200000,12.100000,1,0.192578,-0.052917,5,0,5,,,,,"[null, null, null, null, null]",0,1.000000,-0.300000,0.807422,-0.247083,no_valid_laser
2026-06-05 21:10:35,55.392578,12.347083,35,0.900000,-0.300000,56.292578,12.047083,56.200000,12.100000,1,0.092578,-0.052917,5,0,5,,,,,"[null, null, null, null, null]",0,0.900000,-0.300000,0.807422,-0.247083,no_valid_laser
2026-06-05 21:10:37,55.392578,12.347083,36,0.800000,-0.300000,56.192578,12.047083,56.100000,12.100000,1,0.092578,-0.052917,5,0,5,,,,,"[null, null, null, null, null]",0,0.800000,-0.300000,0.707422,-0.247083,no_valid_laser
2026-06-05 21:10:38,55.392578,12.347083,37,0.700000,-0.300000,56.092578,12.047083,56.100000,12.100000,1,-0.007422,-0.052917,5,0,5,,,,,"[null, null, null, null, null]",0,0.700000,-0.300000,0.707422,-0.247083,no_valid_laser
2026-06-05 21:10:40,55.392578,12.347083,38,0.600000,-0.300000,55.992578,12.047083,56.100000,12.100000,1,-0.107422,-0.052917,5,0,5,,,,,"[null, null, null, null, null]",0,0.600000,-0.300000,0.707422,-0.247083,no_valid_laser
2026-06-05 21:10:42,55.392578,12.347083,39,0.500000,-0.300000,55.892578,12.047083,55.800000,12.100000,1,0.092578,-0.052917,5,0,5,,,,,"[null, null, null, null, null]",0,0.500000,-0.300000,0.407422,-0.247083,no_valid_laser
2026-06-05 21:10:43,55.392578,12.347083,40,0.400000,-0.300000,55.792578,12.047083,55.800000,12.100000,1,-0.007422,-0.052917,5,0,5,,,,,"[null, null, null, null, null]",0,0.400000,-0.300000,0.407422,-0.247083,no_valid_laser
2026-06-05 21:10:44,55.392578,12.347083,41,0.300000,-0.300000,55.692578,12.047083,55.500000,12.100000,1,0.192578,-0.052917,5,0,5,,,,,"[null, null, null, null, null]",0,0.300000,-0.300000,0.107422,-0.247083,no_valid_laser
2026-06-05 21:10:46,55.392578,12.347083,42,0.200000,-0.300000,55.592578,12.047083,55.500000,12.100000,1,0.092578,-0.052917,5,0,5,,,,,"[null, null, null, null, null]",0,0.200000,-0.300000,0.107422,-0.247083,no_valid_laser
2026-06-05 21:10:47,55.392578,12.347083,43,0.100000,-0.300000,55.492578,12.047083,55.500000,12.100000,1,-0.007422,-0.052917,5,0,5,,,,,"[null, null, null, null, null]",0,0.100000,-0.300000,0.107422,-0.247083,no_valid_laser
2026-06-05 21:10:49,55.392578,12.347083,44,0.000000,-0.300000,55.392578,12.047083,55.200000,12.100000,1,0.192578,-0.052917,5,0,5,,,,,"[null, null, null, null, null]",0,0.000000,-0.300000,-0.192578,-0.247083,no_valid_laser
2026-06-05 21:10:50,55.392578,12.347083,45,0.000000,-0.400000,55.392578,11.947083,55.200000,12.100000,1,0.192578,-0.152917,5,0,5,,,,,"[null, null, null, null, null]",0,0.000000,-0.400000,-0.192578,-0.247083,no_valid_laser
2026-06-05 21:11:06,55.392578,12.347083,46,0.100000,-0.400000,55.492578,11.947083,55.200000,12.100000,0,0.292578,-0.152917,5,0,5,,,,,"[null, null, null, null, null]",0,0.100000,-0.400000,-0.192578,-0.247083,settle_timeout;no_valid_laser
2026-06-05 21:11:08,55.392578,12.347083,47,0.200000,-0.400000,55.592578,11.947083,55.400000,12.100000,1,0.192578,-0.152917,5,0,5,,,,,"[null, null, null, null, null]",0,0.200000,-0.400000,0.007422,-0.247083,no_valid_laser
2026-06-05 21:11:24,55.392578,12.347083,48,0.300000,-0.400000,55.692578,11.947083,55.400000,12.100000,0,0.292578,-0.152917,5,0,5,,,,,"[null, null, null, null, null]",0,0.300000,-0.400000,0.007422,-0.247083,settle_timeout;no_valid_laser
2026-06-05 21:11:40,55.392578,12.347083,49,0.400000,-0.400000,55.792578,11.947083,55.400000,12.100000,0,0.392578,-0.152917,5,0,5,,,,,"[null, null, null, null, null]",0,0.400000,-0.400000,0.007422,-0.247083,settle_timeout;no_valid_laser
2026-06-05 21:11:42,55.392578,12.347083,50,0.500000,-0.400000,55.892578,11.947083,55.700000,12.100000,1,0.192578,-0.152917,5,0,5,,,,,"[null, null, null, null, null]",0,0.500000,-0.400000,0.307422,-0.247083,no_valid_laser
2026-06-05 21:11:58,55.392578,12.347083,51,0.600000,-0.400000,55.992578,11.947083,55.700000,12.100000,0,0.292578,-0.152917,5,0,5,,,,,"[null, null, null, null, null]",0,0.600000,-0.400000,0.307422,-0.247083,settle_timeout;no_valid_laser
2026-06-05 21:11:59,55.392578,12.347083,52,0.700000,-0.400000,56.092578,11.947083,56.000000,12.100000,1,0.092578,-0.152917,5,0,5,,,,,"[null, null, null, null, null]",0,0.700000,-0.400000,0.607422,-0.247083,no_valid_laser
2026-06-05 21:12:01,55.392578,12.347083,53,0.800000,-0.400000,56.192578,11.947083,56.000000,12.100000,1,0.192578,-0.152917,5,0,5,,,,,"[null, null, null, null, null]",0,0.800000,-0.400000,0.607422,-0.247083,no_valid_laser
2026-06-05 21:12:17,55.392578,12.347083,54,0.900000,-0.400000,56.292578,11.947083,56.000000,12.100000,0,0.292578,-0.152917,5,0,5,,,,,"[null, null, null, null, null]",0,0.900000,-0.400000,0.607422,-0.247083,settle_timeout;no_valid_laser
2026-06-05 21:12:18,55.392578,12.347083,55,1.000000,-0.400000,56.392578,11.947083,56.200000,12.100000,1,0.192578,-0.152917,5,0,5,,,,,"[null, null, null, null, null]",0,1.000000,-0.400000,0.807422,-0.247083,no_valid_laser
2026-06-05 21:12:34,55.392578,12.347083,56,1.000000,-0.500000,56.392578,11.847083,56.200000,12.100000,0,0.192578,-0.252917,5,0,5,,,,,"[null, null, null, null, null]",0,1.000000,-0.500000,0.807422,-0.247083,settle_timeout;no_valid_laser
2026-06-05 21:12:50,55.392578,12.347083,57,0.900000,-0.500000,56.292578,11.847083,56.200000,12.100000,0,0.092578,-0.252917,5,0,5,,,,,"[null, null, null, null, null]",0,0.900000,-0.500000,0.807422,-0.247083,settle_timeout;no_valid_laser
2026-06-05 21:13:07,55.392578,12.347083,58,0.800000,-0.500000,56.192578,11.847083,56.200000,12.100000,0,-0.007422,-0.252917,5,0,5,,,,,"[null, null, null, null, null]",0,0.800000,-0.500000,0.807422,-0.247083,settle_timeout;no_valid_laser
2026-06-05 21:13:23,55.392578,12.347083,59,0.700000,-0.500000,56.092578,11.847083,56.200000,12.100000,0,-0.107422,-0.252917,5,0,5,,,,,"[null, null, null, null, null]",0,0.700000,-0.500000,0.807422,-0.247083,settle_timeout;no_valid_laser
2026-06-06 18:07:19,69.326823,7.842917,1,-0.400000,0.400000,68.926823,8.242917,68.900000,8.300000,1,0.026823,-0.057083,5,0,5,,,,,"[null, null, null, null, null]",0,-0.400000,0.400000,-0.426823,0.457083,no_valid_laser
2026-06-06 18:07:21,69.326823,7.842917,2,-0.300000,0.400000,69.026823,8.242917,68.900000,8.300000,1,0.126823,-0.057083,5,0,5,,,,,"[null, null, null, null, null]",0,-0.300000,0.400000,-0.426823,0.457083,no_valid_laser
2026-06-06 18:07:24,69.326823,7.842917,3,-0.200000,0.400000,69.126823,8.242917,69.000000,8.300000,1,0.126823,-0.057083,5,0,5,,,,,"[null, null, null, null, null]",0,-0.200000,0.400000,-0.326823,0.457083,no_valid_laser
2026-06-06 18:07:40,69.326823,7.842917,4,-0.100000,0.400000,69.226823,8.242917,69.000000,8.300000,0,0.226823,-0.057083,5,0,5,,,,,"[null, null, null, null, null]",0,-0.100000,0.400000,-0.326823,0.457083,settle_timeout;no_valid_laser
2026-06-06 18:07:43,69.326823,7.842917,5,-0.000000,0.400000,69.326823,8.242917,69.300000,8.300000,1,0.026823,-0.057083,5,0,5,,,,,"[null, null, null, null, null]",0,0.000000,0.400000,-0.026823,0.457083,no_valid_laser
2026-06-06 18:07:45,69.326823,7.842917,6,0.100000,0.400000,69.426823,8.242917,69.300000,8.300000,1,0.126823,-0.057083,5,0,5,,,,,"[null, null, null, null, null]",0,0.100000,0.400000,-0.026823,0.457083,no_valid_laser
2026-06-06 18:07:47,69.326823,7.842917,7,0.200000,0.400000,69.526823,8.242917,69.400000,8.300000,1,0.126823,-0.057083,5,0,5,,,,,"[null, null, null, null, null]",0,0.200000,0.400000,0.073177,0.457083,no_valid_laser
2026-06-06 18:08:04,69.326823,7.842917,8,0.300000,0.400000,69.626823,8.242917,69.400000,8.300000,0,0.226823,-0.057083,5,0,5,,,,,"[null, null, null, null, null]",0,0.300000,0.400000,0.073177,0.457083,settle_timeout;no_valid_laser
2026-06-06 18:08:07,69.326823,7.842917,9,0.400000,0.400000,69.726823,8.242917,69.700000,8.300000,1,0.026823,-0.057083,5,0,5,,,,,"[null, null, null, null, null]",0,0.400000,0.400000,0.373177,0.457083,no_valid_laser
2026-06-06 18:08:09,69.326823,7.842917,10,0.500000,0.400000,69.826823,8.242917,69.700000,8.300000,1,0.126823,-0.057083,5,0,5,,,,,"[null, null, null, null, null]",0,0.500000,0.400000,0.373177,0.457083,no_valid_laser
2026-06-06 18:08:25,69.326823,7.842917,11,0.600000,0.400000,69.926823,8.242917,69.700000,8.300000,0,0.226823,-0.057083,5,0,5,,,,,"[null, null, null, null, null]",0,0.600000,0.400000,0.373177,0.457083,settle_timeout;no_valid_laser
2026-06-06 18:08:42,69.326823,7.842917,12,0.600000,0.300000,69.926823,8.142917,69.700000,8.300000,0,0.226823,-0.157083,5,0,5,,,,,"[null, null, null, null, null]",0,0.600000,0.300000,0.373177,0.457083,settle_timeout;no_valid_laser
2026-06-06 18:08:44,69.326823,7.842917,13,0.500000,0.300000,69.826823,8.142917,69.700000,8.300000,1,0.126823,-0.157083,5,0,5,,,,,"[null, null, null, null, null]",0,0.500000,0.300000,0.373177,0.457083,no_valid_laser
2026-06-06 18:08:46,69.326823,7.842917,14,0.400000,0.300000,69.726823,8.142917,69.700000,8.300000,1,0.026823,-0.157083,5,0,5,,,,,"[null, null, null, null, null]",0,0.400000,0.300000,0.373177,0.457083,no_valid_laser
2026-06-06 18:08:48,69.326823,7.842917,15,0.300000,0.300000,69.626823,8.142917,69.700000,8.300000,1,-0.073177,-0.157083,5,0,5,,,,,"[null, null, null, null, null]",0,0.300000,0.300000,0.373177,0.457083,no_valid_laser
2026-06-06 18:08:50,69.326823,7.842917,16,0.200000,0.300000,69.526823,8.142917,69.600000,8.300000,1,-0.073177,-0.157083,5,0,5,,,,,"[null, null, null, null, null]",0,0.200000,0.300000,0.273177,0.457083,no_valid_laser
2026-06-06 18:08:52,69.326823,7.842917,17,0.100000,0.300000,69.426823,8.142917,69.600000,8.300000,1,-0.173177,-0.157083,5,0,5,,,,,"[null, null, null, null, null]",0,0.100000,0.300000,0.273177,0.457083,no_valid_laser
2026-06-06 18:12:24,69.140495,7.672083,1,-0.400000,0.400000,68.740495,8.072083,68.600000,8.000000,0,0.140495,0.072083,5,0,5,,,,,"[null, null, null, null, null]",0,-0.400000,0.400000,-0.540495,0.327917,settle_timeout;no_valid_laser
2026-06-06 18:12:29,69.140495,7.672083,2,-0.200000,0.400000,68.940495,8.072083,68.700000,8.000000,0,0.240495,0.072083,5,0,5,,,,,"[null, null, null, null, null]",0,-0.200000,0.400000,-0.440495,0.327917,settle_timeout;no_valid_laser
2026-06-06 18:12:31,69.140495,7.672083,3,0.000000,0.400000,69.140495,8.072083,69.100000,8.000000,1,0.040495,0.072083,5,0,5,,,,,"[null, null, null, null, null]",0,0.000000,0.400000,-0.040495,0.327917,no_valid_laser
2026-06-06 18:12:34,69.140495,7.672083,4,0.200000,0.400000,69.340495,8.072083,69.300000,8.000000,1,0.040495,0.072083,5,0,5,,,,,"[null, null, null, null, null]",0,0.200000,0.400000,0.159505,0.327917,no_valid_laser
2026-06-06 18:12:36,69.140495,7.672083,5,0.400000,0.400000,69.540495,8.072083,69.500000,8.000000,1,0.040495,0.072083,5,0,5,,,,,"[null, null, null, null, null]",0,0.400000,0.400000,0.359505,0.327917,no_valid_laser
2026-06-06 18:12:41,69.140495,7.672083,6,0.600000,0.400000,69.740495,8.072083,69.500000,8.000000,0,0.240495,0.072083,5,0,5,,,,,"[null, null, null, null, null]",0,0.600000,0.400000,0.359505,0.327917,settle_timeout;no_valid_laser
2026-06-06 18:12:46,69.140495,7.672083,7,0.600000,0.200000,69.740495,7.872083,69.500000,8.000000,0,0.240495,-0.127917,5,0,5,,,,,"[null, null, null, null, null]",0,0.600000,0.200000,0.359505,0.327917,settle_timeout;no_valid_laser
2026-06-06 18:12:50,69.140495,7.672083,8,0.400000,0.200000,69.540495,7.872083,69.500000,8.000000,0,0.040495,-0.127917,5,0,5,,,,,"[null, null, null, null, null]",0,0.400000,0.200000,0.359505,0.327917,settle_timeout;no_valid_laser
2026-06-06 18:12:55,69.140495,7.672083,9,0.200000,0.200000,69.340495,7.872083,69.400000,8.000000,0,-0.059505,-0.127917,5,0,5,,,,,"[null, null, null, null, null]",0,0.200000,0.200000,0.259505,0.327917,settle_timeout;no_valid_laser
2026-06-06 18:13:00,69.140495,7.672083,10,0.000000,0.200000,69.140495,7.872083,69.000000,8.000000,0,0.140495,-0.127917,5,0,5,,,,,"[null, null, null, null, null]",0,0.000000,0.200000,-0.140495,0.327917,settle_timeout;no_valid_laser
2026-06-06 18:13:05,69.140495,7.672083,11,-0.200000,0.200000,68.940495,7.872083,68.800000,8.000000,0,0.140495,-0.127917,5,0,5,,,,,"[null, null, null, null, null]",0,-0.200000,0.200000,-0.340495,0.327917,settle_timeout;no_valid_laser
2026-06-06 18:13:09,69.140495,7.672083,12,-0.400000,0.200000,68.740495,7.872083,68.600000,8.000000,0,0.140495,-0.127917,5,0,5,,,,,"[null, null, null, null, null]",0,-0.400000,0.200000,-0.540495,0.327917,settle_timeout;no_valid_laser
2026-06-06 18:13:14,69.140495,7.672083,13,-0.400000,0.000000,68.740495,7.672083,68.600000,7.600000,0,0.140495,0.072083,5,0,5,,,,,"[null, null, null, null, null]",0,-0.400000,0.000000,-0.540495,-0.072083,settle_timeout;no_valid_laser
2026-06-06 18:13:19,69.140495,7.672083,14,-0.200000,0.000000,68.940495,7.672083,68.800000,7.600000,0,0.140495,0.072083,5,0,5,,,,,"[null, null, null, null, null]",0,-0.200000,0.000000,-0.340495,-0.072083,settle_timeout;no_valid_laser
2026-06-06 18:13:21,69.140495,7.672083,15,0.000000,0.000000,69.140495,7.672083,69.100000,7.600000,1,0.040495,0.072083,5,0,5,,,,,"[null, null, null, null, null]",0,0.000000,0.000000,-0.040495,-0.072083,no_valid_laser
2026-06-06 18:13:26,69.140495,7.672083,16,0.200000,0.000000,69.340495,7.672083,69.200000,7.600000,0,0.140495,0.072083,5,0,5,,,,,"[null, null, null, null, null]",0,0.200000,0.000000,0.059505,-0.072083,settle_timeout;no_valid_laser
2026-06-06 18:13:29,69.140495,7.672083,17,0.400000,0.000000,69.540495,7.672083,69.500000,7.600000,1,0.040495,0.072083,5,0,5,,,,,"[null, null, null, null, null]",0,0.400000,0.000000,0.359505,-0.072083,no_valid_laser
2026-06-06 18:13:33,69.140495,7.672083,18,0.600000,0.000000,69.740495,7.672083,69.500000,7.600000,0,0.240495,0.072083,5,0,5,,,,,"[null, null, null, null, null]",0,0.600000,0.000000,0.359505,-0.072083,settle_timeout;no_valid_laser
2026-06-06 18:13:38,69.140495,7.672083,19,0.600000,-0.200000,69.740495,7.472083,69.500000,7.500000,0,0.240495,-0.027917,5,0,5,,,,,"[null, null, null, null, null]",0,0.600000,-0.200000,0.359505,-0.172083,settle_timeout;no_valid_laser
2026-06-06 18:13:40,69.140495,7.672083,20,0.400000,-0.200000,69.540495,7.472083,69.500000,7.500000,1,0.040495,-0.027917,5,0,5,,,,,"[null, null, null, null, null]",0,0.400000,-0.200000,0.359505,-0.172083,no_valid_laser
2026-06-06 18:13:43,69.140495,7.672083,21,0.200000,-0.200000,69.340495,7.472083,69.400000,7.500000,1,-0.059505,-0.027917,5,0,5,,,,,"[null, null, null, null, null]",0,0.200000,-0.200000,0.259505,-0.172083,no_valid_laser
2026-06-06 18:13:48,69.140495,7.672083,22,0.000000,-0.200000,69.140495,7.472083,69.000000,7.500000,0,0.140495,-0.027917,5,0,5,,,,,"[null, null, null, null, null]",0,0.000000,-0.200000,-0.140495,-0.172083,settle_timeout;no_valid_laser
2026-06-06 18:13:53,69.140495,7.672083,23,-0.200000,-0.200000,68.940495,7.472083,68.800000,7.500000,0,0.140495,-0.027917,5,0,5,,,,,"[null, null, null, null, null]",0,-0.200000,-0.200000,-0.340495,-0.172083,settle_timeout;no_valid_laser
2026-06-06 18:13:57,69.140495,7.672083,24,-0.400000,-0.200000,68.740495,7.472083,68.600000,7.500000,0,0.140495,-0.027917,5,0,5,,,,,"[null, null, null, null, null]",0,-0.400000,-0.200000,-0.540495,-0.172083,settle_timeout;no_valid_laser
2026-06-06 18:14:02,69.140495,7.672083,25,-0.400000,-0.400000,68.740495,7.272083,68.600000,7.200000,0,0.140495,0.072083,5,0,5,,,,,"[null, null, null, null, null]",0,-0.400000,-0.400000,-0.540495,-0.472083,settle_timeout;no_valid_laser
2026-06-06 18:14:07,69.140495,7.672083,26,-0.200000,-0.400000,68.940495,7.272083,68.800000,7.200000,0,0.140495,0.072083,5,0,5,,,,,"[null, null, null, null, null]",0,-0.200000,-0.400000,-0.340495,-0.472083,settle_timeout;no_valid_laser
2026-06-06 18:14:09,69.140495,7.672083,27,0.000000,-0.400000,69.140495,7.272083,69.100000,7.200000,1,0.040495,0.072083,5,0,5,,,,,"[null, null, null, null, null]",0,0.000000,-0.400000,-0.040495,-0.472083,no_valid_laser
2026-06-06 18:14:12,69.140495,7.672083,28,0.200000,-0.400000,69.340495,7.272083,69.300000,7.200000,1,0.040495,0.072083,5,0,5,,,,,"[null, null, null, null, null]",0,0.200000,-0.400000,0.159505,-0.472083,no_valid_laser
2026-06-06 18:14:16,69.140495,7.672083,29,0.400000,-0.400000,69.540495,7.272083,69.400000,7.200000,0,0.140495,0.072083,5,0,5,,,,,"[null, null, null, null, null]",0,0.400000,-0.400000,0.259505,-0.472083,settle_timeout;no_valid_laser
2026-06-06 18:14:21,69.140495,7.672083,30,0.600000,-0.400000,69.740495,7.272083,69.400000,7.200000,0,0.340495,0.072083,5,0,5,,,,,"[null, null, null, null, null]",0,0.600000,-0.400000,0.259505,-0.472083,settle_timeout;no_valid_laser
2026-06-06 18:20:08,69.222266,7.630833,1,-0.600000,0.600000,68.622266,8.230833,68.500000,8.200000,1,0.122266,0.030833,5,0,5,,,,,"[null, null, null, null, null]",0,-0.600000,0.600000,-0.722266,0.569167,no_valid_laser
2026-06-06 18:20:11,69.222266,7.630833,2,-0.300000,0.600000,68.922266,8.230833,68.800000,8.200000,1,0.122266,0.030833,5,0,5,,,,,"[null, null, null, null, null]",0,-0.300000,0.600000,-0.422266,0.569167,no_valid_laser
2026-06-06 18:20:13,69.222266,7.630833,3,0.000000,0.600000,69.222266,8.230833,69.200000,8.200000,1,0.022266,0.030833,5,0,5,,,,,"[null, null, null, null, null]",0,0.000000,0.600000,-0.022266,0.569167,no_valid_laser
2026-06-06 18:20:16,69.222266,7.630833,4,0.300000,0.600000,69.522266,8.230833,69.400000,8.200000,1,0.122266,0.030833,5,0,5,,,,,"[null, null, null, null, null]",0,0.300000,0.600000,0.177734,0.569167,no_valid_laser
2026-06-06 18:20:18,69.222266,7.630833,5,0.600000,0.600000,69.822266,8.230833,69.800000,8.200000,1,0.022266,0.030833,5,0,5,,,,,"[null, null, null, null, null]",0,0.600000,0.600000,0.577734,0.569167,no_valid_laser
2026-06-06 18:20:21,69.222266,7.630833,6,0.900000,0.600000,70.122266,8.230833,70.100000,8.200000,1,0.022266,0.030833,5,0,5,,,,,"[null, null, null, null, null]",0,0.900000,0.600000,0.877734,0.569167,no_valid_laser
2026-06-06 18:20:23,69.222266,7.630833,7,1.200000,0.600000,70.422266,8.230833,70.400000,8.200000,1,0.022266,0.030833,5,0,5,,,,,"[null, null, null, null, null]",0,1.200000,0.600000,1.177734,0.569167,no_valid_laser
2026-06-06 18:20:26,69.222266,7.630833,8,1.200000,0.300000,70.422266,7.930833,70.400000,8.000000,1,0.022266,-0.069167,5,0,5,,,,,"[null, null, null, null, null]",0,1.200000,0.300000,1.177734,0.369167,no_valid_laser
2026-06-06 18:20:28,69.222266,7.630833,9,0.900000,0.300000,70.122266,7.930833,70.200000,8.000000,1,-0.077734,-0.069167,5,0,5,,,,,"[null, null, null, null, null]",0,0.900000,0.300000,0.977734,0.369167,no_valid_laser
2026-06-06 18:20:31,69.222266,7.630833,10,0.600000,0.300000,69.822266,7.930833,69.700000,8.000000,1,0.122266,-0.069167,5,0,5,,,,,"[null, null, null, null, null]",0,0.600000,0.300000,0.477734,0.369167,no_valid_laser
2026-06-06 18:20:33,69.222266,7.630833,11,0.300000,0.300000,69.522266,7.930833,69.400000,8.000000,1,0.122266,-0.069167,5,0,5,,,,,"[null, null, null, null, null]",0,0.300000,0.300000,0.177734,0.369167,no_valid_laser
2026-06-06 18:20:35,69.222266,7.630833,12,0.000000,0.300000,69.222266,7.930833,69.100000,8.000000,1,0.122266,-0.069167,5,0,5,,,,,"[null, null, null, null, null]",0,0.000000,0.300000,-0.122266,0.369167,no_valid_laser
2026-06-06 18:20:37,69.222266,7.630833,13,-0.300000,0.300000,68.922266,7.930833,68.800000,8.000000,1,0.122266,-0.069167,5,0,5,,,,,"[null, null, null, null, null]",0,-0.300000,0.300000,-0.422266,0.369167,no_valid_laser
2026-06-06 18:20:39,69.222266,7.630833,14,-0.600000,0.300000,68.622266,7.930833,68.500000,8.000000,1,0.122266,-0.069167,5,0,5,,,,,"[null, null, null, null, null]",0,-0.600000,0.300000,-0.722266,0.369167,no_valid_laser
2026-06-06 18:20:41,69.222266,7.630833,15,-0.600000,0.000000,68.622266,7.630833,68.500000,7.700000,1,0.122266,-0.069167,5,0,5,,,,,"[null, null, null, null, null]",0,-0.600000,0.000000,-0.722266,0.069167,no_valid_laser
2026-06-06 18:20:44,69.222266,7.630833,16,-0.300000,0.000000,68.922266,7.630833,68.800000,7.700000,1,0.122266,-0.069167,5,0,5,,,,,"[null, null, null, null, null]",0,-0.300000,0.000000,-0.422266,0.069167,no_valid_laser
2026-06-06 18:20:46,69.222266,7.630833,17,0.000000,0.000000,69.222266,7.630833,69.200000,7.700000,1,0.022266,-0.069167,5,0,5,,,,,"[null, null, null, null, null]",0,0.000000,0.000000,-0.022266,0.069167,no_valid_laser
2026-06-06 18:20:49,69.222266,7.630833,18,0.300000,0.000000,69.522266,7.630833,69.400000,7.700000,1,0.122266,-0.069167,5,0,5,,,,,"[null, null, null, null, null]",0,0.300000,0.000000,0.177734,0.069167,no_valid_laser
2026-06-06 18:20:51,69.222266,7.630833,19,0.600000,0.000000,69.822266,7.630833,69.800000,7.700000,1,0.022266,-0.069167,5,0,5,,,,,"[null, null, null, null, null]",0,0.600000,0.000000,0.577734,0.069167,no_valid_laser
2026-06-06 18:20:54,69.222266,7.630833,20,0.900000,0.000000,70.122266,7.630833,70.100000,7.700000,1,0.022266,-0.069167,5,0,5,,,,,"[null, null, null, null, null]",0,0.900000,0.000000,0.877734,0.069167,no_valid_laser
2026-06-06 18:20:56,69.222266,7.630833,21,1.200000,0.000000,70.422266,7.630833,70.400000,7.700000,1,0.022266,-0.069167,5,0,5,,,,,"[null, null, null, null, null]",0,1.200000,0.000000,1.177734,0.069167,no_valid_laser
2026-06-06 18:20:59,69.222266,7.630833,22,1.200000,-0.300000,70.422266,7.330833,70.400000,7.300000,1,0.022266,0.030833,5,0,5,,,,,"[null, null, null, null, null]",0,1.200000,-0.300000,1.177734,-0.330833,no_valid_laser
2026-06-06 18:21:02,69.222266,7.630833,23,0.900000,-0.300000,70.122266,7.330833,70.200000,7.300000,1,-0.077734,0.030833,5,0,5,,,,,"[null, null, null, null, null]",0,0.900000,-0.300000,0.977734,-0.330833,no_valid_laser
2026-06-06 18:21:04,69.222266,7.630833,24,0.600000,-0.300000,69.822266,7.330833,69.700000,7.300000,1,0.122266,0.030833,5,0,5,,,,,"[null, null, null, null, null]",0,0.600000,-0.300000,0.477734,-0.330833,no_valid_laser
2026-06-06 18:21:06,69.222266,7.630833,25,0.300000,-0.300000,69.522266,7.330833,69.400000,7.300000,1,0.122266,0.030833,5,0,5,,,,,"[null, null, null, null, null]",0,0.300000,-0.300000,0.177734,-0.330833,no_valid_laser
2026-06-06 18:21:08,69.222266,7.630833,26,0.000000,-0.300000,69.222266,7.330833,69.100000,7.300000,1,0.122266,0.030833,5,0,5,,,,,"[null, null, null, null, null]",0,0.000000,-0.300000,-0.122266,-0.330833,no_valid_laser
2026-06-06 18:21:10,69.222266,7.630833,27,-0.300000,-0.300000,68.922266,7.330833,68.800000,7.300000,1,0.122266,0.030833,5,0,5,,,,,"[null, null, null, null, null]",0,-0.300000,-0.300000,-0.422266,-0.330833,no_valid_laser
2026-06-06 18:21:12,69.222266,7.630833,28,-0.600000,-0.300000,68.622266,7.330833,68.500000,7.300000,1,0.122266,0.030833,5,4,1,87.300000,87.300000,87.400000,87.325000,"[null, 87.3, 87.4, 87.3, 87.3]",1,-0.600000,-0.300000,-0.722266,-0.330833,hit
2026-06-06 18:21:15,69.222266,7.630833,29,-0.600000,-0.600000,68.622266,7.030833,68.500000,7.000000,1,0.122266,0.030833,5,5,0,87.300000,87.200000,87.300000,87.280000,"[87.3, 87.2, 87.3, 87.3, 87.3]",1,-0.600000,-0.600000,-0.722266,-0.630833,hit
2026-06-06 18:21:17,69.222266,7.630833,30,-0.300000,-0.600000,68.922266,7.030833,68.800000,7.000000,1,0.122266,0.030833,5,5,0,87.300000,87.200000,87.300000,87.260000,"[87.2, 87.3, 87.3, 87.3, 87.2]",1,-0.300000,-0.600000,-0.422266,-0.630833,hit
2026-06-06 18:21:20,69.222266,7.630833,31,0.000000,-0.600000,69.222266,7.030833,69.200000,7.000000,1,0.022266,0.030833,5,5,0,87.300000,87.200000,87.300000,87.260000,"[87.2, 87.3, 87.2, 87.3, 87.3]",1,0.000000,-0.600000,-0.022266,-0.630833,hit
2026-06-06 18:21:22,69.222266,7.630833,32,0.300000,-0.600000,69.522266,7.030833,69.400000,7.000000,1,0.122266,0.030833,5,5,0,87.300000,87.200000,87.300000,87.280000,"[87.3, 87.2, 87.3, 87.3, 87.3]",1,0.300000,-0.600000,0.177734,-0.630833,hit
2026-06-06 18:21:25,69.222266,7.630833,33,0.600000,-0.600000,69.822266,7.030833,69.800000,7.000000,1,0.022266,0.030833,5,5,0,87.300000,87.200000,87.300000,87.260000,"[87.2, 87.3, 87.3, 87.3, 87.2]",1,0.600000,-0.600000,0.577734,-0.630833,hit
2026-06-06 18:21:27,69.222266,7.630833,34,0.900000,-0.600000,70.122266,7.030833,70.100000,7.000000,1,0.022266,0.030833,5,5,0,87.200000,86.800000,87.300000,87.160000,"[87.2, 87.3, 86.8, 87.2, 87.3]",1,0.900000,-0.600000,0.877734,-0.630833,hit
2026-06-06 18:21:30,69.222266,7.630833,35,1.200000,-0.600000,70.422266,7.030833,70.400000,7.000000,1,0.022266,0.030833,5,1,4,87.200000,87.200000,87.200000,87.200000,"[87.2, null, null, null, null]",0,1.200000,-0.600000,1.177734,-0.630833,
2026-06-06 18:31:12,72.396094,5.634167,1,-0.600000,0.600000,71.796094,6.234167,71.800000,6.200000,1,-0.003906,0.034167,5,0,5,,,,,"[null, null, null, null, null]",0,-0.600000,0.600000,-0.596094,0.565833,no_valid_laser
2026-06-06 18:31:14,72.396094,5.634167,2,-0.300000,0.600000,72.096094,6.234167,71.900000,6.200000,1,0.196094,0.034167,5,0,5,,,,,"[null, null, null, null, null]",0,-0.300000,0.600000,-0.496094,0.565833,no_valid_laser
2026-06-06 18:31:17,72.396094,5.634167,3,0.000000,0.600000,72.396094,6.234167,72.200000,6.200000,1,0.196094,0.034167,5,0,5,,,,,"[null, null, null, null, null]",0,0.000000,0.600000,-0.196094,0.565833,no_valid_laser
