timestamp,seq,mode,dt,raw_meas_count,fused_meas_count,fusion_groups,meas_count,track_count,valid_count,track_ids,valid_ids,master_id,hit_streaks,time_since_updates,track_states,cmd_az,cmd_el,gimbal_ui_az,gimbal_ui_el
1780313177.107703,,,0.250000,1,1,"0:n=1,raw=0,src=BOARD_2/0",1,1,0,1,,,1,0,"1:31.9775,7.5269,0.0000,0.0000",,,0.000000,0.100000
1780313177.455006,,,0.208297,1,1,"0:n=1,raw=0,src=BOARD_2/0",1,1,0,1,,,2,0,"1:33.0854,8.2156,1.6617,1.0330",,,0.000000,0.100000
1780313177.786092,,,0.250000,1,1,"0:n=1,raw=0,src=BOARD_2/0",1,1,1,1,1,1,3,0,"1:35.3773,9.1327,4.0513,2.0201",,,0.000000,0.100000
1780313178.135739,,,0.213873,1,1,"0:n=1,raw=0,src=BOARD_2/0",1,1,1,1,1,1,4,0,"1:38.4918,10.1797,5.8906,2.4706",95.892663,9.738713,0.000000,0.100000
1780313213.152832,,,0.250000,1,1,"0:n=1,raw=0,src=BOARD_2/0",1,1,0,2,,1,1,0,"2:28.4867,6.4406,0.0000,0.0000",99.558973,10.920886,40.100000,11.100000
1780313213.828575,,,0.250000,1,1,"0:n=1,raw=0,src=BOARD_2/0",1,1,0,2,,1,2,0,"2:27.6661,6.8849,-0.9783,0.5297",99.558973,10.920886,40.100000,11.100000
1780313214.181800,,,0.217328,1,1,"0:n=1,raw=0,src=BOARD_2/0",1,1,1,2,2,2,3,0,"2:28.9829,7.0682,0.5832,0.5257",99.558973,10.920886,40.100000,11.100000
1780313214.502854,,,0.250000,1,1,"0:n=1,raw=0,src=BOARD_2/0",1,1,1,2,2,2,4,0,"2:31.4798,7.2756,2.4289,0.5644",88.457890,7.225953,40.100000,11.100000
1780313214.841171,,,0.250000,1,1,"0:n=1,raw=0,src=BOARD_2/0",1,1,1,2,2,2,5,0,"2:34.5510,7.4946,4.0483,0.5984",91.508466,7.444953,39.000000,11.000000
1780313215.189607,,,0.208236,1,1,"0:n=1,raw=0,src=BOARD_2/0",1,1,1,2,2,2,6,0,"2:38.0852,7.6787,5.4180,0.5778",95.065527,7.674095,33.800000,9.600000
1780313235.224263,,,0.250000,1,1,"0:n=1,raw=0,src=BOARD_2/0",1,1,0,3,,2,1,0,"3:38.4010,4.3781,0.0000,0.0000",99.010636,7.852004,39.600000,7.200000
1780313316.734287,,,0.250000,1,1,"0:n=1,raw=0,src=BOARD_2/0",1,1,0,4,,2,1,0,"4:26.7594,4.4377,0.0000,0.0000",99.010636,7.852004,39.600000,7.200000
1780313347.160157,,,0.250000,1,1,"0:n=1,raw=0,src=BOARD_2/0",1,1,0,5,,2,1,0,"5:27.6390,13.1506,0.0000,0.0000",99.010636,7.852004,39.600000,7.200000
1780313381.793595,,,0.250000,1,1,"0:n=1,raw=0,src=BOARD_2/0",1,1,0,6,,2,1,0,"6:40.1989,8.8469,0.0000,0.0000",99.010636,7.852004,39.600000,7.200000
1780313382.129083,,,0.250000,5,3,"0:n=1,raw=0,src=BOARD_2/0;1:n=2,raw=1,4,src=BOARD_2/0,BOARD_2/0;2:n=2,raw=2,3,src=BOARD_2/0,BOARD_2/0",3,3,0,6;7;8,,2,2;1;1,0;0;0,"6:38.8530,8.3839,-2.0473,-0.7043;7:33.9235,7.8935,0.0000,0.0000;8:34.4704,7.9623,0.0000,0.0000",99.010636,7.852004,39.600000,7.200000
1780313382.469974,,,0.250000,3,2,"0:n=2,raw=0,1,src=BOARD_2/0,BOARD_2/0;1:n=1,raw=2,src=BOARD_2/0",2,3,0,6;7;8,,2,1;2;2,2;0;0,"6:38.1965,8.1580,-2.0473,-0.7043;7:32.0050,7.5578,-2.9186,-0.5107;8:31.7095,7.5417,-4.2000,-0.6398",99.010636,7.852004,39.600000,7.200000
1780313382.799678,,,0.250000,6,6,"0:n=1,raw=0,src=BOARD_2/0;1:n=1,raw=1,src=BOARD_2/0;2:n=1,raw=2,src=BOARD_2/0;3:n=1,raw=3,src=BOARD_2/0;4:n=1,raw=4,src=BOARD_2/0;5:n=1,raw=5,src=BOARD_2/0",6,6,2,6;7;8;9;10;11,7;8,8,2;3;3;1;1;1,0;0;0;0;0;0,"6:32.2069,7.5172,-7.2536,-1.1489;7:30.3659,7.4599,-3.9090,-0.3995;8:28.9402,7.3905,-6.1977,-0.5496;9:25.7933,7.4077,0.0000,0.0000;10:26.5589,7.3710,0.0000,0.0000;11:27.2516,7.3710,0.0000,0.0000",99.010636,7.852004,39.600000,7.200000
1780313383.143022,,,0.201003,1,1,"0:n=1,raw=0,src=BOARD_2/0",1,6,0,6;7;8;9;10;11,,8,1;2;2;0;2;0,3;3;3;3;0;3,"6:29.7164,7.1227,-7.2536,-1.1489;7:29.0237,7.3227,-3.9090,-0.3995;8:26.8123,7.2018,-6.1977,-0.5496;9:25.7933,7.4077,0.0000,0.0000;10:26.6364,7.3710,0.1162,0.0000;11:27.2516,7.3710,0.0000,0.0000",86.380914,7.225664,39.600000,7.200000
1780313426.484268,,,0.250000,4,4,"0:n=1,raw=0,src=BOARD_2/0;1:n=1,raw=1,src=BOARD_2/0;2:n=1,raw=2,src=BOARD_2/0;3:n=1,raw=3,src=BOARD_2/0",4,4,0,12;13;14;15,,8,1;1;1;1,0;0;0;0,"12:27.7438,10.0294,0.0000,0.0000;13:27.1605,10.8360,0.0000,0.0000;14:26.7777,11.2577,0.0000,0.0000;15:26.4496,11.7069,0.0000,0.0000",86.380914,7.225664,27.100000,7.200000
1780313426.820919,,,0.250000,5,4,"0:n=1,raw=0,src=BOARD_2/0;1:n=1,raw=1,src=BOARD_2/0;2:n=2,raw=2,4,src=BOARD_2/0,BOARD_2/0;3:n=1,raw=3,src=BOARD_2/0",4,5,0,12;13;14;15;16,,8,2;2;2;0;1,0;0;0;2;0,"12:28.0490,8.8935,0.4642,-1.7278;13:27.8772,8.2840,1.0902,-3.8820;14:27.2574,8.7409,0.7298,-3.8285;15:26.4496,11.7069,0.0000,0.0000;16:28.6097,6.2710,0.0000,0.0000",86.380914,7.225664,27.100000,7.200000
1780313427.164612,,,0.204562,1,1,"0:n=1,raw=0,src=BOARD_2/0",1,5,0,12;13;14;15;16,,8,1;1;1;0;2,3;3;3;5;0,"12:28.2085,8.2997,0.4642,-1.7278;13:28.2519,6.9498,1.0902,-3.8820;14:27.5082,7.4251,0.7298,-3.8285;15:26.4496,11.7069,0.0000,0.0000;16:28.5685,5.7677,-0.0618,-0.7551",86.380914,7.225664,27.100000,7.200000
1780313490.103467,,,0.250000,1,1,"0:n=1,raw=0,src=BOARD_2/0",1,1,0,17,,8,1,0,"17:34.7461,8.2258,0.0000,0.0000",86.380914,7.225664,27.100000,7.200000
1780313496.845743,,,0.250000,2,2,"0:n=1,raw=0,src=BOARD_2/0;1:n=1,raw=1,src=BOARD_2/0",2,2,0,18;19,,8,1;1,0;0,"18:32.3945,5.7554,0.0000,0.0000;19:35.4867,8.3702,0.0000,0.0000",86.380914,7.225664,27.100000,7.200000
1780313497.178091,,,0.250000,1,1,"0:n=1,raw=0,src=BOARD_2/0",1,2,0,18;19,,8,2;0,0;2,"18:32.4085,6.0205,0.0212,0.4032;19:35.4867,8.3702,0.0000,0.0000",86.380914,7.225664,27.100000,7.200000
1780313497.519917,,,0.250000,1,1,"0:n=1,raw=0,src=BOARD_2/0",1,2,1,18;19,18,18,3;0,0;4,"18:32.4235,6.1353,0.0317,0.3820;19:35.4867,8.3702,0.0000,0.0000",86.380914,7.225664,27.100000,7.200000
1780313497.862790,,,0.250000,1,1,"0:n=1,raw=0,src=BOARD_2/0",1,2,1,18;19,18,18,4;0,0;6,"18:32.4409,6.0681,0.0390,0.1594;19:35.4867,8.3702,0.0000,0.0000",91.732978,6.249884,28.200000,7.200000
1780313498.181706,,,0.248454,1,1,"0:n=1,raw=0,src=BOARD_2/0",1,2,1,18;19,18,18,5;0,0;8,"18:32.4304,6.0712,0.0200,0.1119;19:35.4867,8.3702,0.0000,0.0000",91.752559,6.115955,28.200000,7.200000
1780313498.501586,,,0.248954,1,1,"0:n=1,raw=0,src=BOARD_2/0",1,2,1,18;19,18,18,6;0,0;10,"18:32.4682,6.0395,0.0425,0.0519;19:35.4867,8.3702,0.0000,0.0000",91.752559,6.115955,32.300000,6.200000
1780313498.821572,,,0.248784,1,1,"0:n=1,raw=0,src=BOARD_2/0",1,2,1,18;19,18,18,7;0,0;12,"18:32.4946,5.9162,0.0509,-0.0645;19:35.4867,8.3702,0.0000,0.0000",91.752559,6.115955,32.300000,6.200000
1780313499.155634,,,0.250000,1,1,"0:n=1,raw=0,src=BOARD_2/0",1,2,1,18;19,18,18,8;0,0;14,"18:32.4390,6.0300,0.0069,0.0439;19:35.4867,8.3702,0.0000,0.0000",91.809903,5.896866,32.300000,6.200000
1780313499.490488,,,0.250000,1,1,"0:n=1,raw=0,src=BOARD_2/0",1,2,1,18;19,18,18,9;0,0;16,"18:32.4034,6.1137,-0.0155,0.0994;19:35.4867,8.3702,0.0000,0.0000",91.741029,6.043216,32.300000,6.200000
1780313499.836510,,,0.209054,1,1,"0:n=1,raw=0,src=BOARD_2/0",1,2,1,18;19,18,18,10;0,0;19,"18:32.3257,6.1511,-0.0577,0.1017;19:35.4867,8.3702,0.0000,0.0000",91.741029,6.043216,32.300000,5.900000
1780313500.173901,,,0.250000,1,1,"0:n=1,raw=0,src=BOARD_2/0",1,2,1,18;19,18,18,11;0,0;21,"18:32.3109,6.2086,-0.0557,0.1223;19:35.4867,8.3702,0.0000,0.0000",91.608385,6.181565,32.300000,5.900000
1780313500.514261,,,0.250000,1,1,"0:n=1,raw=0,src=BOARD_2/0",1,2,1,18;19,18,18,12;0,0;23,"18:32.2935,6.2924,-0.0554,0.1586;19:35.4867,8.3702,0.0000,0.0000",91.608385,6.181565,32.300000,6.100000
1780313500.846846,,,0.250000,1,1,"0:n=1,raw=0,src=BOARD_2/0",1,2,1,18;19,18,18,13;0,0;25,"18:32.2518,6.5412,-0.0697,0.3192;19:35.4867,8.3702,0.0000,0.0000",91.576842,6.339948,32.300000,6.100000
1780313501.194595,,,0.209125,1,1,"0:n=1,raw=0,src=BOARD_2/0",1,2,1,18;19,18,18,14;0,0;28,"18:32.2779,6.9224,-0.0396,0.5351;19:35.4867,8.3702,0.0000,0.0000",91.530936,6.636948,32.300000,6.100000
1780313501.530292,,,0.250000,1,1,"0:n=1,raw=0,src=BOARD_2/0",1,1,1,18,18,18,15,0,"18:32.2691,7.4421,-0.0373,0.8195",91.566028,7.082893,32.200000,6.700000
1780313501.879631,,,0.210909,1,1,"0:n=1,raw=0,src=BOARD_2/0",1,1,1,18,18,18,16,0,"18:32.3249,8.0225,0.0045,1.0575",91.557902,7.687945,32.200000,6.700000
1780313502.211410,,,0.250000,1,1,"0:n=1,raw=0,src=BOARD_2/0",1,1,1,18,18,18,17,0,"18:32.3771,8.7582,0.0355,1.3840",91.626252,8.339757,32.200000,6.700000
1780313502.560344,,,0.210833,1,1,"0:n=1,raw=0,src=BOARD_2/0",1,1,1,18,18,18,18,0,"18:32.3712,9.2696,0.0244,1.4072",91.687742,9.173371,32.200000,7.600000
1780313502.889040,,,0.250000,1,1,"0:n=1,raw=0,src=BOARD_2/0",1,1,1,18,18,18,19,0,"18:32.3599,9.4990,0.0126,1.2233",91.678512,9.691766,32.200000,7.600000
1780313503.240865,,,0.213298,1,1,"0:n=1,raw=0,src=BOARD_2/0",1,1,1,18,18,18,20,0,"18:32.3265,9.6068,-0.0105,0.9611",91.663672,9.865991,32.200000,8.800000
1780313503.569351,,,0.250000,1,1,"0:n=1,raw=0,src=BOARD_2/0",1,1,1,18,18,18,21,0,"18:32.3359,9.5072,-0.0027,0.6248",91.663672,9.865991,32.200000,9.200000
1780313503.911995,,,0.203223,1,1,"0:n=1,raw=0,src=BOARD_2/0",1,1,1,18,18,18,22,0,"18:32.3250,9.3633,-0.0088,0.3338",91.635045,9.694640,32.200000,9.200000
1780313504.239959,,,0.250000,1,1,"0:n=1,raw=0,src=BOARD_2/0",1,1,1,18,18,18,23,0,"18:32.2445,9.2874,-0.0565,0.1832",91.622341,9.463428,32.200000,9.200000
1780313504.580527,,,0.204844,1,1,"0:n=1,raw=0,src=BOARD_2/0",1,1,1,18,18,18,24,0,"18:32.2054,9.1858,-0.0687,0.0492",91.527556,9.342337,32.200000,9.700000
1780313504.918186,,,0.250000,1,1,"0:n=1,raw=0,src=BOARD_2/0",1,1,1,18,18,18,25,0,"18:32.1213,9.0224,-0.1071,-0.0997",91.484784,9.200557,32.200000,9.700000
1780313505.260954,,,0.201628,1,1,"0:n=1,raw=0,src=BOARD_2/0",1,1,1,18,18,18,26,0,"18:32.1031,8.8622,-0.0957,-0.2028",91.389149,8.992452,32.200000,9.700000
1780313505.600068,,,0.250000,1,1,"0:n=1,raw=0,src=BOARD_2/0",1,1,1,18,18,18,27,0,"18:32.0603,8.7957,-0.1032,-0.2040",91.374366,8.801343,32.200000,9.300000
1780313505.946503,,,0.205728,1,1,"0:n=1,raw=0,src=BOARD_2/0",1,1,1,18,18,18,28,0,"18:32.0164,8.7481,-0.1082,-0.1852",91.374366,8.801343,32.200000,9.300000
1780313506.263854,,,0.246361,1,1,"0:n=1,raw=0,src=BOARD_2/0",1,1,1,18,18,18,29,0,"18:32.0127,8.6558,-0.0893,-0.2129",91.374366,8.801343,32.200000,8.900000
1780313506.599261,,,0.250000,1,1,"0:n=1,raw=0,src=BOARD_2/0",1,1,1,18,18,18,30,0,"18:32.0185,8.5768,-0.0682,-0.2218",91.285894,8.591945,32.200000,8.900000
1780313506.935483,,,0.250000,1,1,"0:n=1,raw=0,src=BOARD_2/0",1,1,1,18,18,18,31,0,"18:32.0231,8.4467,-0.0520,-0.2697",91.285894,8.591945,32.200000,8.800000
1780313507.281665,,,0.204486,1,1,"0:n=1,raw=0,src=BOARD_2/0",1,1,1,18,18,18,32,0,"18:32.0374,8.3200,-0.0325,-0.2964",91.307505,8.365825,31.900000,8.600000
1780313507.617552,,,0.250000,1,1,"0:n=1,raw=0,src=BOARD_2/0",1,1,1,18,18,18,33,0,"18:32.0444,8.0537,-0.0219,-0.4358",91.327668,8.231065,31.900000,8.600000
1780313507.961797,,,0.203885,1,1,"0:n=1,raw=0,src=BOARD_2/0",1,1,1,18,18,18,34,0,"18:32.1010,7.6916,0.0170,-0.6074",91.337822,7.922985,31.900000,8.300000
1780313508.294722,,,0.250000,1,1,"0:n=1,raw=0,src=BOARD_2/0",1,1,1,18,18,18,35,0,"18:32.1232,7.4464,0.0273,-0.6494",91.406142,7.509339,31.900000,8.300000
1780313508.642525,,,0.209720,1,1,"0:n=1,raw=0,src=BOARD_2/0",1,1,1,18,18,18,36,0,"18:32.0781,7.4608,-0.0061,-0.4536",91.431403,7.251607,31.900000,8.000000
1780313508.975694,,,0.250000,1,1,"0:n=1,raw=0,src=BOARD_2/0",1,1,1,18,18,18,37,0,"18:32.0264,7.5475,-0.0367,-0.2615",91.431403,7.251607,31.900000,8.000000
1780313509.322727,,,0.208415,1,1,"0:n=1,raw=0,src=BOARD_2/0",1,1,1,18,18,18,38,0,"18:31.9793,7.6642,-0.0577,-0.0925",91.315401,7.469043,31.900000,8.000000
1780313509.656902,,,0.250000,1,1,"0:n=1,raw=0,src=BOARD_2/0",1,1,1,18,18,18,39,0,"18:31.9397,7.8118,-0.0708,0.0539",91.261954,7.636467,31.900000,7.300000
1780313509.998251,,,0.206908,1,1,"0:n=1,raw=0,src=BOARD_2/0",1,1,1,18,18,18,40,0,"18:31.9107,8.0469,-0.0738,0.2308",91.218513,7.828025,31.900000,7.300000
1780313510.335336,,,0.250000,1,1,"0:n=1,raw=0,src=BOARD_2/0",1,1,1,18,18,18,41,0,"18:31.8942,8.2382,-0.0693,0.3281",91.188589,8.116131,31.900000,7.600000
1780313510.675018,,,0.200314,1,1,"0:n=1,raw=0,src=BOARD_2/0",1,1,1,18,18,18,42,0,"18:31.8840,8.3701,-0.0611,0.3448",91.173455,8.336626,31.900000,7.600000
1780313511.015506,,,0.250000,1,1,"0:n=1,raw=0,src=BOARD_2/0",1,1,1,18,18,18,43,0,"18:31.8848,8.5881,-0.0486,0.4339",91.165685,8.473507,31.900000,7.600000
1780313511.358159,,,0.204042,1,1,"0:n=1,raw=0,src=BOARD_2/0",1,1,1,18,18,18,44,0,"18:31.8623,8.7152,-0.0522,0.4163",91.170193,8.718260,31.900000,8.200000
1780313511.699835,,,0.250000,1,1,"0:n=1,raw=0,src=BOARD_2/0",1,1,1,18,18,18,45,0,"18:31.8447,8.7689,-0.0527,0.3503",91.146605,8.840055,31.900000,8.200000
1780313512.034966,,,0.250000,1,1,"0:n=1,raw=0,src=BOARD_2/0",1,1,1,18,18,18,46,0,"18:31.8300,8.6554,-0.0513,0.1638",91.146605,8.840055,31.900000,8.700000
1780313512.374158,,,0.250000,1,1,"0:n=1,raw=0,src=BOARD_2/0",1,1,1,18,18,18,47,0,"18:31.8078,8.3662,-0.0548,-0.1145",91.114563,8.704556,31.900000,8.700000
1780313512.712836,,,0.201201,1,1,"0:n=1,raw=0,src=BOARD_2/0",1,1,1,18,18,18,48,0,"18:31.8237,7.9467,-0.0340,-0.4192",91.091399,8.331873,31.900000,8.700000
1780313513.057276,,,0.250000,1,1,"0:n=1,raw=0,src=BOARD_2/0",1,1,1,18,18,18,49,0,"18:31.7779,7.5366,-0.0552,-0.6449",91.113447,7.820977,31.900000,8.700000
1780313513.401394,,,0.250000,1,1,"0:n=1,raw=0,src=BOARD_2/0",1,1,1,18,18,18,50,0,"18:31.7363,7.0115,-0.0698,-0.9057",91.061382,7.343183,31.900000,8.300000
1780313513.736052,,,0.250000,1,1,"0:n=1,raw=0,src=BOARD_2/0",1,1,1,18,18,18,51,0,"18:31.7144,6.6046,-0.0695,-0.9998",91.015336,6.739749,31.900000,8.300000
1780313514.079674,,,0.204651,1,1,"0:n=1,raw=0,src=BOARD_2/0",1,1,1,18,18,18,52,0,"18:31.7408,6.2850,-0.0392,-0.9807",90.993598,6.304667,31.600000,8.300000
1780313514.415487,,,0.250000,1,1,"0:n=1,raw=0,src=BOARD_2/0",1,1,1,18,18,18,53,0,"18:31.9449,6.0273,0.0923,-0.9338",91.028998,5.990760,31.600000,7.400000
1780313514.759945,,,0.209649,1,1,"0:n=1,raw=0,src=BOARD_2/0",1,1,1,18,18,18,54,0,"18:32.3402,5.8185,0.3131,-0.8424",91.272592,5.747185,31.600000,6.400000
1780313515.094995,,,0.250000,1,1,"0:n=1,raw=0,src=BOARD_2/0",1,1,1,18,18,18,55,0,"18:32.8692,5.6419,0.5758,-0.7659",91.734141,5.565752,31.600000,6.300000
1780313515.438059,,,0.203861,1,1,"0:n=1,raw=0,src=BOARD_2/0",1,1,1,18,18,18,56,0,"18:33.6455,5.5520,0.9296,-0.6250",92.341884,5.412129,31.600000,6.300000
1780313515.764368,,,0.250000,1,1,"0:n=1,raw=0,src=BOARD_2/0",1,1,1,18,18,18,57,0,"18:34.4788,5.5401,1.2590,-0.4687",93.224326,5.364481,33.400000,5.700000
1780313516.107960,,,0.202944,1,1,"0:n=1,raw=0,src=BOARD_2/0",1,1,1,18,18,18,58,0,"18:35.2684,5.6640,1.4778,-0.2361",94.156476,5.399491,33.900000,5.700000
1780313516.425884,,,0.247759,1,1,"0:n=1,raw=0,src=BOARD_2/0",1,1,1,18,18,18,59,0,"18:35.7832,6.0169,1.5056,0.1188",95.011709,5.593222,33.900000,5.700000
1780313516.742001,,,0.245667,1,1,"0:n=1,raw=0,src=BOARD_2/0",1,1,1,18,18,18,60,0,"18:36.1647,6.6190,1.4476,0.5849",95.534875,6.052493,35.800000,5.300000
1780313517.073738,,,0.250000,1,1,"0:n=1,raw=0,src=BOARD_2/0",1,1,1,18,18,18,61,0,"18:36.3531,7.4998,1.2797,1.1520",95.899008,6.794426,36.200000,5.300000
1780313517.407711,,,0.250000,1,1,"0:n=1,raw=0,src=BOARD_2/0",1,1,1,18,18,18,62,0,"18:36.4179,8.5302,1.0727,1.6899",96.036980,7.845364,36.200000,5.400000
1780313517.743950,,,0.250000,1,1,"0:n=1,raw=0,src=BOARD_2/0",1,1,1,18,18,18,63,0,"18:36.4322,9.5113,0.8740,2.0424",96.039743,9.037156,36.200000,5.400000
1780313518.087152,,,0.202151,1,1,"0:n=1,raw=0,src=BOARD_2/0",1,1,1,18,18,18,64,0,"18:36.4081,10.2470,0.6800,2.0700",95.994404,10.124037,36.400000,6.800000
1780313518.419327,,,0.250000,1,1,"0:n=1,raw=0,src=BOARD_2/0",1,1,1,18,18,18,65,0,"18:36.3042,10.6183,0.4866,1.8369",95.912134,10.867993,36.400000,8.000000
1780313518.762143,,,0.201630,1,1,"0:n=1,raw=0,src=BOARD_2/0",1,1,1,18,18,18,66,0,"18:36.2192,10.8035,0.3339,1.4767",95.750209,11.169337,36.400000,10.100000
1780313519.097853,,,0.250000,1,1,"0:n=1,raw=0,src=BOARD_2/0",1,1,1,18,18,18,67,0,"18:36.1309,10.8308,0.2140,1.1059",95.750209,11.169337,36.400000,10.100000
1780313519.444094,,,0.208417,1,1,"0:n=1,raw=0,src=BOARD_2/0",1,1,1,18,18,18,68,0,"18:36.0660,10.7810,0.1289,0.7528",95.495134,11.162540,36.400000,11.100000
1780313519.780499,,,0.250000,1,1,"0:n=1,raw=0,src=BOARD_2/0",1,1,1,18,18,18,69,0,"18:36.0106,10.6870,0.0695,0.4759",95.404673,11.006864,36.400000,11.200000
1780313520.125627,,,0.208208,1,1,"0:n=1,raw=0,src=BOARD_2/0",1,1,1,18,18,18,70,0,"18:35.9763,10.5871,0.0338,0.2604",95.331502,10.829732,36.100000,11.200000
1780313520.459562,,,0.250000,1,1,"0:n=1,raw=0,src=BOARD_2/0",1,1,1,18,18,18,71,0,"18:35.9354,10.4767,0.0020,0.1004",95.286414,10.665228,36.100000,11.200000
1780313520.799888,,,0.200297,1,1,"0:n=1,raw=0,src=BOARD_2/0",1,1,1,18,18,18,72,0,"18:35.8957,10.3847,-0.0228,-0.0027",95.236015,10.506812,36.100000,11.200000
1780313521.124316,,,0.250000,1,1,"0:n=1,raw=0,src=BOARD_2/0",1,1,1,18,18,18,73,0,"18:35.8510,10.2889,-0.0459,-0.0815",95.188826,10.383882,36.100000,10.800000
1780313521.438909,,,0.245750,1,1,"0:n=1,raw=0,src=BOARD_2/0",1,1,1,18,18,18,74,0,"18:35.8296,10.1575,-0.0502,-0.1690",95.188826,10.383882,36.100000,10.800000
1780313521.759147,,,0.249476,1,1,"0:n=1,raw=0,src=BOARD_2/0",1,1,1,18,18,18,75,0,"18:35.8213,10.1280,-0.0455,-0.1488",95.114554,10.106790,35.800000,10.300000
1780313522.105376,,,0.204731,1,1,"0:n=1,raw=0,src=BOARD_2/0",1,1,1,18,18,18,76,0,"18:35.8164,10.1220,-0.0389,-0.1123",95.114554,10.106790,35.800000,10.300000
1780313522.442215,,,0.250000,1,1,"0:n=1,raw=0,src=BOARD_2/0",1,1,1,18,18,18,77,0,"18:35.8250,10.1500,-0.0261,-0.0601",95.114554,10.106790,35.800000,10.200000
1780313522.788736,,,0.203830,1,1,"0:n=1,raw=0,src=BOARD_2/0",1,1,1,18,18,18,78,0,"18:35.8347,10.1830,-0.0147,-0.0165",95.114554,10.106790,35.800000,10.200000
1780313523.121285,,,0.250000,1,1,"0:n=1,raw=0,src=BOARD_2/0",1,1,1,18,18,18,79,0,"18:35.8253,10.2023,-0.0175,0.0038",95.114554,10.106790,35.800000,10.200000
1780313523.465064,,,0.203985,1,1,"0:n=1,raw=0,src=BOARD_2/0",1,1,1,18,18,18,80,0,"18:35.8235,10.2479,-0.0150,0.0399",95.114554,10.106790,35.800000,10.200000
1780313523.799093,,,0.250000,1,1,"0:n=1,raw=0,src=BOARD_2/0",1,1,1,18,18,18,81,0,"18:35.8280,10.2896,-0.0092,0.0638",95.119017,10.259898,35.800000,10.200000
1780313524.147361,,,0.208628,1,1,"0:n=1,raw=0,src=BOARD_2/0",1,1,1,18,18,18,82,0,"18:35.8691,10.3115,0.0179,0.0635",95.119017,10.259898,35.800000,10.200000
1780313524.481957,,,0.250000,1,1,"0:n=1,raw=0,src=BOARD_2/0",1,1,1,18,18,18,83,0,"18:35.8555,10.3619,0.0060,0.0883",95.119017,10.259898,35.800000,10.200000
1780313524.821254,,,0.201685,1,1,"0:n=1,raw=0,src=BOARD_2/0",1,1,1,18,18,18,84,0,"18:35.8460,10.4155,-0.0011,0.1076",95.157326,10.388374,35.800000,10.200000
1780313525.158890,,,0.250000,1,1,"0:n=1,raw=0,src=BOARD_2/0",1,1,1,18,18,18,85,0,"18:35.8337,10.4449,-0.0085,0.1035",95.157326,10.388374,35.800000,10.200000
1780313525.508924,,,0.210277,1,1,"0:n=1,raw=0,src=BOARD_2/0",1,1,1,18,18,18,86,0,"18:35.8273,10.4833,-0.0105,0.1052",95.157326,10.388374,35.800000,10.300000
1780313525.839175,,,0.250000,1,1,"0:n=1,raw=0,src=BOARD_2/0",1,1,1,18,18,18,87,0,"18:35.8281,10.5371,-0.0080,0.1220",95.124176,10.514837,35.800000,10.300000
1780313526.186377,,,0.210199,1,1,"0:n=1,raw=0,src=BOARD_2/0",1,1,1,18,18,18,88,0,"18:35.8324,10.5714,-0.0037,0.1155",95.124176,10.514837,35.800000,10.300000
1780313526.523050,,,0.250000,1,1,"0:n=1,raw=0,src=BOARD_2/0",1,1,1,18,18,18,89,0,"18:35.8377,10.5488,0.0003,0.0665",95.124176,10.514837,35.800000,10.300000
1780313526.866559,,,0.208453,1,1,"0:n=1,raw=0,src=BOARD_2/0",1,1,1,18,18,18,90,0,"18:35.8486,10.5129,0.0070,0.0185",95.124176,10.514837,35.800000,10.300000
1780313527.203163,,,0.250000,1,1,"0:n=1,raw=0,src=BOARD_2/0",1,1,1,18,18,18,91,0,"18:35.8369,10.5093,-0.0016,0.0106",95.124176,10.514837,35.800000,10.300000
1780313527.548810,,,0.204680,1,1,"0:n=1,raw=0,src=BOARD_2/0",1,1,1,18,18,18,92,0,"18:35.8410,10.4718,0.0012,-0.0229",95.124176,10.514837,35.800000,10.300000
1780313527.882259,,,0.250000,1,1,"0:n=1,raw=0,src=BOARD_2/0",1,1,1,18,18,18,93,0,"18:35.8425,10.4324,0.0019,-0.0495",95.124176,10.514837,35.800000,10.300000
1780313528.227422,,,0.250000,1,1,"0:n=1,raw=0,src=BOARD_2/0",1,1,1,18,18,18,94,0,"18:35.8550,10.4166,0.0092,-0.0494",95.124176,10.514837,35.800000,10.300000
1780313528.547231,,,0.250000,1,1,"0:n=1,raw=0,src=BOARD_2/0",1,1,1,18,18,18,95,0,"18:35.8596,10.3975,0.0102,-0.0522",95.124176,10.514837,35.800000,10.300000
1780313528.882776,,,0.250000,1,1,"0:n=1,raw=0,src=BOARD_2/0",1,1,1,18,18,18,96,0,"18:35.8676,10.3437,0.0131,-0.0820",95.162711,10.381817,35.800000,10.300000
1780313529.222115,,,0.200736,1,1,"0:n=1,raw=0,src=BOARD_2/0",1,1,1,18,18,18,97,0,"18:35.8556,10.2936,0.0032,-0.0998",95.162711,10.381817,35.800000,10.300000
1780313529.567653,,,0.205456,1,1,"0:n=1,raw=0,src=BOARD_2/0",1,1,1,18,18,18,98,0,"18:35.8572,10.2691,0.0035,-0.0917",95.162711,10.381817,35.800000,10.300000
1780313529.906596,,,0.250000,1,1,"0:n=1,raw=0,src=BOARD_2/0",1,1,1,18,18,18,99,0,"18:35.8648,10.2565,0.0075,-0.0777",95.158209,10.241549,35.800000,10.300000
1780313530.249701,,,0.207588,1,1,"0:n=1,raw=0,src=BOARD_2/0",1,1,1,18,18,18,100,0,"18:35.8690,10.2590,0.0085,-0.0538",95.158209,10.241549,35.800000,10.300000
1780313530.585068,,,0.250000,1,1,"0:n=1,raw=0,src=BOARD_2/0",1,1,1,18,18,18,101,0,"18:35.8569,10.2399,-0.0007,-0.0554",95.158209,10.241549,35.800000,10.300000
1780313530.925503,,,0.250000,1,1,"0:n=1,raw=0,src=BOARD_2/0",1,1,1,18,18,18,102,0,"18:35.8310,10.2034,-0.0165,-0.0709",95.158209,10.241549,35.800000,10.300000
1780313531.264212,,,0.250000,1,1,"0:n=1,raw=0,src=BOARD_2/0",1,1,1,18,18,18,103,0,"18:35.8356,10.1664,-0.0104,-0.0824",95.158209,10.241549,35.800000,10.300000
1780313531.604948,,,0.200509,1,1,"0:n=1,raw=0,src=BOARD_2/0",1,1,1,18,18,18,104,0,"18:35.8465,10.1310,-0.0017,-0.0883",95.158209,10.241549,35.800000,10.300000
1780313531.942317,,,0.250000,1,1,"0:n=1,raw=0,src=BOARD_2/0",1,1,1,18,18,18,105,0,"18:35.8535,10.0928,0.0029,-0.0964",95.145969,10.104497,35.800000,10.300000
1780313532.284343,,,0.201779,1,1,"0:n=1,raw=0,src=BOARD_2/0",1,1,1,18,18,18,106,0,"18:35.8642,10.0460,0.0088,-0.1076",95.145969,10.104497,35.800000,10.300000
1780313532.618234,,,0.250000,1,1,"0:n=1,raw=0,src=BOARD_2/0",1,1,1,18,18,18,107,0,"18:35.8720,9.9969,0.0118,-0.1197",95.145969,10.104497,35.800000,10.200000
1780313532.962188,,,0.202918,1,1,"0:n=1,raw=0,src=BOARD_2/0",1,1,1,18,18,18,108,0,"18:35.8778,9.8888,0.0129,-0.1742",95.175530,9.960957,35.800000,10.200000
1780313533.298445,,,0.250000,1,1,"0:n=1,raw=0,src=BOARD_2/0",1,1,1,18,18,18,109,0,"18:35.8964,9.8427,0.0218,-0.1663",95.181696,9.836494,35.800000,10.200000
1780313533.646206,,,0.209337,1,1,"0:n=1,raw=0,src=BOARD_2/0",1,1,1,18,18,18,110,0,"18:35.9123,9.7982,0.0269,-0.1554",95.181696,9.836494,35.800000,10.200000
1780313533.963565,,,0.246415,1,1,"0:n=1,raw=0,src=BOARD_2/0",1,1,1,18,18,18,111,0,"18:35.9212,9.7549,0.0271,-0.1505",95.181696,9.836494,35.800000,10.200000
1780313534.285535,,,0.250000,1,1,"0:n=1,raw=0,src=BOARD_2/0",1,1,1,18,18,18,112,0,"18:35.9270,9.7086,0.0254,-0.1488",95.229335,9.709734,35.800000,9.900000
1780313534.606668,,,0.250000,1,1,"0:n=1,raw=0,src=BOARD_2/0",1,1,1,18,18,18,113,0,"18:35.8997,9.6653,0.0038,-0.1457",95.229335,9.709734,35.800000,9.900000
1780313534.937458,,,0.250000,1,1,"0:n=1,raw=0,src=BOARD_2/0",1,1,1,18,18,18,114,0,"18:35.8890,9.6254,-0.0034,-0.1403",95.229335,9.709734,35.800000,9.900000
1780313535.271710,,,0.250000,1,1,"0:n=1,raw=0,src=BOARD_2/0",1,1,1,18,18,18,115,0,"18:35.8583,9.5836,-0.0212,-0.1378",95.187978,9.583290,35.800000,9.900000
1780313535.614776,,,0.201124,1,1,"0:n=1,raw=0,src=BOARD_2/0",1,1,1,18,18,18,116,0,"18:35.8617,9.5387,-0.0148,-0.1359",95.187978,9.583290,35.800000,9.900000
1780313535.952406,,,0.250000,1,1,"0:n=1,raw=0,src=BOARD_2/0",1,1,1,18,18,18,117,0,"18:35.8735,9.4934,-0.0048,-0.1378",95.187978,9.583290,35.800000,9.900000
1780313536.293703,,,0.203794,1,1,"0:n=1,raw=0,src=BOARD_2/0",1,1,1,18,18,18,118,0,"18:35.8768,9.4614,-0.0018,-0.1255",95.172098,9.452023,35.800000,9.500000
1780313536.627600,,,0.250000,1,1,"0:n=1,raw=0,src=BOARD_2/0",1,1,1,18,18,18,119,0,"18:35.8942,9.4150,0.0092,-0.1306",95.172098,9.452023,35.800000,9.500000
1780313536.967926,,,0.202543,1,1,"0:n=1,raw=0,src=BOARD_2/0",1,1,1,18,18,18,120,0,"18:35.9079,9.3643,0.0157,-0.1357",95.172098,9.452023,35.800000,9.500000
1780313537.305207,,,0.201441,1,1,"0:n=1,raw=0,src=BOARD_2/0",1,1,1,18,18,18,121,0,"18:35.9131,9.2535,0.0156,-0.1893",95.212662,9.323567,35.800000,9.500000
1780313537.652106,,,0.204269,1,1,"0:n=1,raw=0,src=BOARD_2/0",1,1,1,18,18,18,122,0,"18:35.9232,9.2020,0.0185,-0.1774",95.217750,9.196688,35.800000,9.500000
1780313537.991239,,,0.250000,1,1,"0:n=1,raw=0,src=BOARD_2/0",1,1,1,18,18,18,123,0,"18:35.9298,9.1484,0.0190,-0.1748",95.217750,9.196688,35.800000,9.400000
1780313538.330608,,,0.250000,1,1,"0:n=1,raw=0,src=BOARD_2/0",1,1,1,18,18,18,124,0,"18:35.9275,9.1277,0.0137,-0.1453",95.217750,9.196688,35.800000,9.400000
1780313538.657773,,,0.250000,1,1,"0:n=1,raw=0,src=BOARD_2/0",1,1,1,18,18,18,125,0,"18:35.9217,9.1170,0.0075,-0.1158",95.217750,9.196688,35.800000,9.400000
1780313539.004873,,,0.208781,1,1,"0:n=1,raw=0,src=BOARD_2/0",1,1,1,18,18,18,126,0,"18:35.9737,9.1206,0.0375,-0.0806",95.217750,9.196688,35.800000,9.400000
1780313539.338568,,,0.250000,1,1,"0:n=1,raw=0,src=BOARD_2/0",1,1,1,18,18,18,127,0,"18:36.0170,9.1375,0.0565,-0.0457",95.217750,9.196688,35.800000,9.400000
1780313539.682634,,,0.250000,1,1,"0:n=1,raw=0,src=BOARD_2/0",1,1,1,18,18,18,128,0,"18:36.0484,9.1605,0.0646,-0.0150",95.217750,9.196688,35.800000,9.400000
1780313540.017452,,,0.250000,1,1,"0:n=1,raw=0,src=BOARD_2/0",1,1,1,18,18,18,129,0,"18:36.0751,9.1841,0.0682,0.0080",95.217750,9.196688,35.800000,9.400000
1780313540.361233,,,0.203871,1,1,"0:n=1,raw=0,src=BOARD_2/0",1,1,1,18,18,18,130,0,"18:36.0362,9.2099,0.0308,0.0265",95.217750,9.196688,35.800000,9.400000
1780313540.692991,,,0.250000,1,1,"0:n=1,raw=0,src=BOARD_2/0",1,1,1,18,18,18,131,0,"18:35.9790,9.2259,-0.0099,0.0326",95.217750,9.196688,35.800000,9.400000
1780313541.039632,,,0.203970,1,1,"0:n=1,raw=0,src=BOARD_2/0",1,1,1,18,18,18,132,0,"18:35.8627,9.1700,-0.0783,-0.0218",95.217750,9.196688,35.800000,9.400000
1780313541.380139,,,0.250000,1,1,"0:n=1,raw=0,src=BOARD_2/0",1,1,1,18,18,18,133,0,"18:35.6020,9.2018,-0.2224,0.0102",95.217750,9.196688,35.800000,9.400000
1780313541.717622,,,0.250000,1,1,"0:n=1,raw=0,src=BOARD_2/0",1,1,1,18,18,18,134,0,"18:35.2667,9.2036,-0.3835,0.0090",94.835322,9.204816,35.800000,9.400000
1780313542.055775,,,0.250000,1,1,"0:n=1,raw=0,src=BOARD_2/0",1,1,1,18,18,18,135,0,"18:34.8184,9.1178,-0.5817,-0.0632",94.451674,9.206326,35.800000,9.400000
1780313542.397224,,,0.202182,1,1,"0:n=1,raw=0,src=BOARD_2/0",1,1,1,18,18,18,136,0,"18:34.3656,9.1255,-0.7351,-0.0397",93.943892,9.098848,35.800000,9.400000
1780313542.732782,,,0.250000,1,1,"0:n=1,raw=0,src=BOARD_2/0",1,1,1,18,18,18,137,0,"18:33.9430,9.1292,-0.8488,-0.0263",93.445041,9.113626,35.800000,9.400000
1780313543.081753,,,0.208392,1,1,"0:n=1,raw=0,src=BOARD_2/0",1,1,1,18,18,18,138,0,"18:33.6055,9.0766,-0.8740,-0.0615",92.988394,9.121301,35.800000,9.400000
1780313543.419911,,,0.250000,1,1,"0:n=1,raw=0,src=BOARD_2/0",1,1,1,18,18,18,139,0,"18:33.4188,8.9590,-0.8170,-0.1423",92.643264,9.058209,35.800000,9.400000
1780313543.765604,,,0.250000,1,1,"0:n=1,raw=0,src=BOARD_2/0",1,1,1,18,18,18,140,0,"18:33.3315,8.8388,-0.7095,-0.2033",92.473746,8.916264,35.800000,9.400000
1780313544.099833,,,0.250000,1,1,"0:n=1,raw=0,src=BOARD_2/0",1,1,1,18,18,18,141,0,"18:33.3679,8.5878,-0.5491,-0.3542",92.418670,8.777781,33.200000,9.400000
1780313544.443363,,,0.250000,1,1,"0:n=1,raw=0,src=BOARD_2/0",1,1,1,18,18,18,142,0,"18:33.4508,8.3598,-0.3934,-0.4468",92.503213,8.481551,33.200000,9.300000
1780313544.778262,,,0.250000,1,1,"0:n=1,raw=0,src=BOARD_2/0",1,1,1,18,18,18,143,0,"18:33.5068,8.1807,-0.2847,-0.4762",92.632805,8.225761,33.000000,8.700000
1780313545.120779,,,0.207742,1,1,"0:n=1,raw=0,src=BOARD_2/0",1,1,1,18,18,18,144,0,"18:33.5781,8.1497,-0.1838,-0.3713",92.721440,8.037808,33.000000,8.700000
1780313545.457147,,,0.250000,1,1,"0:n=1,raw=0,src=BOARD_2/0",1,1,1,18,18,18,145,0,"18:33.6778,8.2522,-0.0880,-0.1911",92.721440,8.037808,33.000000,8.600000
1780313545.800478,,,0.203601,1,1,"0:n=1,raw=0,src=BOARD_2/0",1,1,1,18,18,18,146,0,"18:33.7831,8.3613,-0.0059,-0.0496",92.951448,8.194829,33.300000,8.000000
1780313546.137842,,,0.250000,1,1,"0:n=1,raw=0,src=BOARD_2/0",1,1,1,18,18,18,147,0,"18:33.8738,8.4819,0.0508,0.0633",93.081324,8.346454,33.600000,8.000000
1780313546.480389,,,0.206879,1,1,"0:n=1,raw=0,src=BOARD_2/0",1,1,1,18,18,18,148,0,"18:33.9688,8.6544,0.0983,0.1863",93.189020,8.500914,33.600000,8.000000
1780313546.816709,,,0.250000,1,1,"0:n=1,raw=0,src=BOARD_2/0",1,1,1,18,18,18,149,0,"18:34.0651,8.8605,0.1384,0.3085",93.298326,8.710274,33.800000,8.600000
1780313547.166413,,,0.209631,1,1,"0:n=1,raw=0,src=BOARD_2/0",1,1,1,18,18,18,150,0,"18:34.1266,9.0804,0.1465,0.4001",93.406612,8.953053,33.800000,8.600000
1780313547.500097,,,0.250000,1,1,"0:n=1,raw=0,src=BOARD_2/0",1,1,1,18,18,18,151,0,"18:34.1598,9.2479,0.1379,0.4322",93.470589,9.200449,34.000000,9.000000
1780313547.845857,,,0.204732,1,1,"0:n=1,raw=0,src=BOARD_2/0",1,1,1,18,18,18,152,0,"18:34.1977,9.4417,0.1319,0.4683",93.501201,9.377597,34.000000,9.000000
1780313548.181056,,,0.250000,1,1,"0:n=1,raw=0,src=BOARD_2/0",1,1,1,18,18,18,153,0,"18:34.2084,9.5422,0.1128,0.4286",93.537277,9.582152,34.000000,9.000000
1780313548.526013,,,0.202937,1,1,"0:n=1,raw=0,src=BOARD_2/0",1,1,1,18,18,18,154,0,"18:34.1959,9.5819,0.0813,0.3404",93.537277,9.582152,34.000000,9.000000
1780313548.857030,,,0.250000,1,1,"0:n=1,raw=0,src=BOARD_2/0",1,1,1,18,18,18,155,0,"18:34.1773,9.6163,0.0538,0.2783",93.537277,9.582152,34.000000,9.300000
1780313549.204145,,,0.209727,1,1,"0:n=1,raw=0,src=BOARD_2/0",1,1,1,18,18,18,156,0,"18:34.1668,9.6753,0.0359,0.2476",93.537277,9.582152,34.000000,9.300000
1780313549.535371,,,0.250000,1,1,"0:n=1,raw=0,src=BOARD_2/0",1,1,1,18,18,18,157,0,"18:34.1428,9.6757,0.0140,0.1822",93.477560,9.749611,34.000000,9.300000
1780313549.877885,,,0.203149,1,1,"0:n=1,raw=0,src=BOARD_2/0",1,1,1,18,18,18,158,0,"18:34.1297,9.6585,0.0030,0.1173",93.477560,9.749611,34.000000,9.300000
1780313550.216315,,,0.201099,1,1,"0:n=1,raw=0,src=BOARD_2/0",1,1,1,18,18,18,159,0,"18:34.1308,9.6540,0.0031,0.0811",93.477560,9.749611,34.000000,9.800000
1780313550.560509,,,0.205648,1,1,"0:n=1,raw=0,src=BOARD_2/0",1,1,1,18,18,18,160,0,"18:34.1263,9.6293,-0.0003,0.0373",93.477560,9.749611,34.000000,9.800000
1780313550.896215,,,0.250000,1,1,"0:n=1,raw=0,src=BOARD_2/0",1,1,1,18,18,18,161,0,"18:34.1296,9.6326,0.0018,0.0300",93.477560,9.749611,34.000000,9.800000
1780313551.243835,,,0.208623,1,1,"0:n=1,raw=0,src=BOARD_2/0",1,1,1,18,18,18,162,0,"18:34.1219,9.6518,-0.0034,0.0373",93.477560,9.749611,34.000000,9.800000
1780313551.589944,,,0.205220,1,1,"0:n=1,raw=0,src=BOARD_2/0",1,1,1,18,18,18,163,0,"18:34.1263,9.7324,0.0001,0.0932",93.477560,9.749611,34.000000,9.800000
1780313551.947399,,,0.219727,1,1,"0:n=1,raw=0,src=BOARD_2/0",1,1,1,18,18,18,164,0,"18:34.1246,9.7847,-0.0010,0.1089",93.477560,9.749611,34.000000,9.800000
1780313552.286735,,,0.250000,1,1,"0:n=1,raw=0,src=BOARD_2/0",1,1,1,18,18,18,165,0,"18:34.1284,9.8225,0.0016,0.1113",93.477560,9.749611,34.000000,9.800000
1780313552.637810,,,0.210012,1,1,"0:n=1,raw=0,src=BOARD_2/0",1,1,1,18,18,18,166,0,"18:34.1142,9.8363,-0.0076,0.0906",93.477560,9.749611,34.000000,9.800000
1780313552.975585,,,0.250000,1,1,"0:n=1,raw=0,src=BOARD_2/0",1,1,1,18,18,18,167,0,"18:34.1205,9.8906,-0.0022,0.1115",93.477560,9.749611,34.000000,9.800000
1780313553.322554,,,0.206903,1,1,"0:n=1,raw=0,src=BOARD_2/0",1,1,1,18,18,18,168,0,"18:34.1324,9.9644,0.0056,0.1402",93.419825,9.924038,34.000000,9.800000
1780313553.658307,,,0.250000,1,1,"0:n=1,raw=0,src=BOARD_2/0",1,1,1,18,18,18,169,0,"18:34.2013,10.1892,0.0468,0.2888",93.419825,9.924038,34.000000,9.800000
1780313554.000358,,,0.250000,1,1,"0:n=1,raw=0,src=BOARD_2/0",1,1,1,18,18,18,170,0,"18:34.3071,10.5438,0.1024,0.5041",93.515337,10.275806,34.000000,9.800000
1780313554.336263,,,0.250000,1,1,"0:n=1,raw=0,src=BOARD_2/0",1,1,1,18,18,18,171,0,"18:34.4390,11.0107,0.1628,0.7536",93.637818,10.694985,34.000000,9.800000
1780313554.676422,,,0.250000,1,1,"0:n=1,raw=0,src=BOARD_2/0",1,1,1,18,18,18,172,0,"18:34.6182,11.5896,0.2395,1.0264",93.787852,11.236759,34.000000,10.200000
1780313555.009639,,,0.250000,1,1,"0:n=1,raw=0,src=BOARD_2/0",1,1,1,18,18,18,173,0,"18:34.8056,12.3263,0.3060,1.3542",93.990061,11.897496,34.000000,10.300000
1780313555.354940,,,0.209693,1,1,"0:n=1,raw=0,src=BOARD_2/0",1,1,1,18,18,18,174,0,"18:35.0126,13.2071,0.3666,1.6824",94.197384,12.732529,34.400000,10.300000
1780313559.065358,,,0.250000,1,1,"0:n=1,raw=0,src=BOARD_2/0",1,1,0,20,,18,1,0,"20:38.1048,13.3500,0.0000,0.0000",94.422516,13.711804,34.800000,12.700000
1780313559.409734,,,0.204316,1,1,"0:n=1,raw=0,src=BOARD_2/0",1,1,0,20,,18,2,0,"20:38.1748,12.8813,0.1049,-0.7032",94.422516,13.711804,34.800000,12.700000
1780313559.744397,,,0.250000,1,1,"0:n=1,raw=0,src=BOARD_2/0",1,1,1,20,20,20,3,0,"20:38.2844,12.4300,0.2005,-1.0214",94.422516,13.711804,34.800000,12.700000
1780313560.086064,,,0.250000,1,1,"0:n=1,raw=0,src=BOARD_2/0",1,1,1,20,20,20,4,0,"20:38.4560,11.6749,0.3072,-1.5190",97.644545,12.123593,34.800000,12.700000
1780313560.422534,,,0.250000,1,1,"0:n=1,raw=0,src=BOARD_2/0",1,1,1,20,20,20,5,0,"20:38.5844,11.0891,0.3321,-1.6188",97.848199,11.219242,35.800000,12.700000
1780313560.762727,,,0.201411,1,1,"0:n=1,raw=0,src=BOARD_2/0",1,1,1,20,20,20,6,0,"20:38.6322,10.7904,0.2859,-1.3982",97.984042,10.603465,35.800000,12.700000
1780313561.097983,,,0.250000,1,1,"0:n=1,raw=0,src=BOARD_2/0",1,1,1,20,20,20,7,0,"20:38.7052,10.4624,0.2738,-1.2971",98.017990,10.370949,35.800000,12.200000
1780313561.445584,,,0.210370,1,1,"0:n=1,raw=0,src=BOARD_2/0",1,1,1,20,20,20,8,0,"20:38.7127,10.3758,0.2198,-1.0006",98.087319,10.073246,38.500000,12.100000
1780313561.781082,,,0.250000,1,1,"0:n=1,raw=0,src=BOARD_2/0",1,1,1,20,20,20,9,0,"20:38.7364,10.4295,0.1915,-0.6923",98.087319,10.073246,38.500000,10.900000
1780313562.120770,,,0.200866,1,1,"0:n=1,raw=0,src=BOARD_2/0",1,1,1,20,20,20,10,0,"20:38.8086,10.6993,0.1957,-0.2826",98.093872,10.221794,38.500000,10.400000
1780313562.459169,,,0.250000,1,1,"0:n=1,raw=0,src=BOARD_2/0",1,1,1,20,20,20,11,0,"20:38.9627,11.1652,0.2510,0.1778",98.167313,10.614472,38.500000,10.400000
1780313562.805448,,,0.205247,1,1,"0:n=1,raw=0,src=BOARD_2/0",1,1,1,20,20,20,12,0,"20:39.1605,11.7706,0.3181,0.6217",98.337968,11.218518,38.500000,10.400000
1780313563.139030,,,0.250000,1,1,"0:n=1,raw=0,src=BOARD_2/0",1,1,1,20,20,20,13,0,"20:39.3867,12.4104,0.3939,0.9861",98.555916,11.957140,38.500000,10.600000
1780313563.481779,,,0.204863,1,1,"0:n=1,raw=0,src=BOARD_2/0",1,1,1,20,20,20,14,0,"20:39.6663,12.9017,0.4822,1.1112",98.804859,12.706252,38.500000,10.700000
1780313563.815190,,,0.250000,1,1,"0:n=1,raw=0,src=BOARD_2/0",1,1,1,20,20,20,15,0,"20:39.9439,13.3025,0.5579,1.1481",99.110992,13.235029,38.500000,10.700000
1780313564.158968,,,0.204340,1,1,"0:n=1,raw=0,src=BOARD_2/0",1,1,1,20,20,20,16,0,"20:40.2035,13.7433,0.5995,1.1858",99.411215,13.646913,39.200000,12.100000
1780313564.838955,,,0.250000,1,1,"0:n=1,raw=0,src=BOARD_2/0",1,1,1,20,20,20,17,0,"20:40.7030,13.0099,0.6594,0.0222",99.683400,14.099079,39.200000,12.100000
1780313565.173703,,,0.250000,1,1,"0:n=1,raw=0,src=BOARD_2/0",1,1,1,20,20,20,18,0,"20:40.9658,10.8105,0.6894,-1.7254",100.200803,13.016574,40.000000,13.500000
1780313565.518597,,,0.206568,1,1,"0:n=1,raw=0,src=BOARD_2/0",1,1,1,20,20,20,19,0,"20:41.2164,6.8594,0.6971,-4.4309",100.472598,10.292868,40.800000,13.500000
1780313568.222073,,,0.250000,1,1,"0:n=1,raw=0,src=BOARD_2/0",1,1,0,21,,20,1,0,"21:39.8275,3.2713,0.0000,0.0000",100.725550,5.530128,41.400000,5.600000
1780313568.550998,,,0.250000,1,1,"0:n=1,raw=0,src=BOARD_2/0",1,1,0,21,,20,2,0,"21:39.8610,4.3848,0.0509,1.6936",100.725550,5.530128,41.400000,5.600000
1780313568.890292,,,0.250000,1,1,"0:n=1,raw=0,src=BOARD_2/0",1,1,1,21,21,21,3,0,"21:39.8683,5.8483,0.0393,3.0216",100.725550,5.530128,41.400000,5.600000
1780313569.220591,,,0.250000,1,1,"0:n=1,raw=0,src=BOARD_2/0",1,1,1,21,21,21,4,0,"21:39.9110,6.7476,0.0698,2.9408",99.180070,6.754821,41.400000,5.600000
1780313569.569619,,,0.208317,1,1,"0:n=1,raw=0,src=BOARD_2/0",1,1,1,21,21,21,5,0,"21:39.9274,7.3477,0.0633,2.5259",99.231934,7.629855,40.400000,5.600000
1780313569.909636,,,0.250000,1,1,"0:n=1,raw=0,src=BOARD_2/0",1,1,1,21,21,21,6,0,"21:39.9307,7.5585,0.0512,1.9942",99.246387,8.105469,40.400000,5.600000
1780313570.249284,,,0.250000,1,1,"0:n=1,raw=0,src=BOARD_2/0",1,1,1,21,21,21,7,0,"21:39.9126,7.6305,0.0286,1.5149",99.246387,8.105469,39.800000,6.700000
1780313570.574104,,,0.250000,1,1,"0:n=1,raw=0,src=BOARD_2/0",1,1,1,21,21,21,8,0,"21:39.9294,7.6662,0.0334,1.1524",99.246387,8.105469,39.800000,6.700000
1780313570.910581,,,0.200471,1,1,"0:n=1,raw=0,src=BOARD_2/0",1,1,1,21,21,21,9,0,"21:39.8904,7.6528,0.0035,0.8326",99.246387,8.105469,39.800000,6.700000
1780313571.247557,,,0.250000,1,1,"0:n=1,raw=0,src=BOARD_2/0",1,1,1,21,21,21,10,0,"21:39.8562,7.6683,-0.0176,0.6278",99.191447,7.902580,39.800000,6.700000
1780313571.590642,,,0.207404,1,1,"0:n=1,raw=0,src=BOARD_2/0",1,1,1,21,21,21,11,0,"21:39.8014,7.6815,-0.0467,0.4637",99.191447,7.902580,39.800000,6.700000
1780313571.929272,,,0.204050,1,1,"0:n=1,raw=0,src=BOARD_2/0",1,1,1,21,21,21,12,0,"21:39.7438,7.8488,-0.0721,0.4722",99.191447,7.902580,39.800000,6.700000
1780313572.269855,,,0.201600,1,1,"0:n=1,raw=0,src=BOARD_2/0",1,1,1,21,21,21,13,0,"21:39.6815,7.9407,-0.0954,0.4148",99.191447,7.902580,39.800000,6.700000
1780313572.599090,,,0.250000,1,1,"0:n=1,raw=0,src=BOARD_2/0",1,1,1,21,21,21,14,0,"21:39.4986,7.9440,-0.1904,0.3047",98.952872,8.065170,39.800000,6.700000
1780313573.597442,,,0.237280,1,1,"0:n=1,raw=0,src=BOARD_2/0",1,1,1,21,21,21,15,0,"21:35.4248,7.9005,-2.3748,0.0638",98.741509,8.035362,39.500000,8.000000
1780313574.280060,,,0.250000,1,1,"0:n=1,raw=0,src=BOARD_2/0",1,1,1,21,21,21,16,0,"21:30.6687,7.8443,-4.1182,-0.0074",94.012353,7.919613,38.400000,8.000000
1780313574.614200,,,0.250000,1,1,"0:n=1,raw=0,src=BOARD_2/0",1,1,1,21,21,21,17,0,"21:28.6854,7.8031,-4.4935,-0.0378",88.733206,7.842087,38.400000,8.000000
1780313574.957938,,,0.250000,1,1,"0:n=1,raw=0,src=BOARD_2/0",1,1,1,21,21,21,18,0,"21:27.7326,7.8279,-4.2089,-0.0074",86.637323,7.791789,33.600000,8.000000
1780313575.638713,,,0.250000,1,1,"0:n=1,raw=0,src=BOARD_2/0",1,1,1,21,21,21,19,0,"21:27.4748,7.9357,-2.7208,0.0789",85.769992,7.825685,27.200000,8.000000
1780313576.317288,,,0.250000,1,1,"0:n=1,raw=0,src=BOARD_2/0",1,1,1,21,21,21,20,0,"21:29.4501,8.0549,-0.5666,0.1279",85.958566,7.959343,27.200000,8.000000
1780313576.652869,,,0.250000,1,1,"0:n=1,raw=0,src=BOARD_2/0",1,1,1,21,21,21,21,0,"21:30.9433,8.0892,0.4019,0.1227",88.580136,8.093256,28.300000,8.000000
1780313576.994372,,,0.250000,1,1,"0:n=1,raw=0,src=BOARD_2/0",1,1,1,21,21,21,22,0,"21:31.9477,8.1222,0.9201,0.1175",90.363816,8.126006,29.100000,8.000000
1780313577.326791,,,0.250000,1,1,"0:n=1,raw=0,src=BOARD_2/0",1,1,1,21,21,21,23,0,"21:32.6672,8.0782,1.1755,0.0501",91.523690,8.157435,29.100000,8.000000
1780313577.667486,,,0.201266,1,1,"0:n=1,raw=0,src=BOARD_2/0",1,1,1,21,21,21,24,0,"21:33.1162,8.1055,1.2048,0.0584",92.319841,8.093276,30.200000,8.000000
1780313578.008721,,,0.203853,1,1,"0:n=1,raw=0,src=BOARD_2/0",1,1,1,21,21,21,25,0,"21:33.3944,8.1712,1.1233,0.0960",92.777609,8.123026,30.200000,8.000000
1780313578.351833,,,0.203285,1,1,"0:n=1,raw=0,src=BOARD_2/0",1,1,1,21,21,21,26,0,"21:33.6112,8.3566,1.0185,0.2226",93.031401,8.199989,33.300000,8.000000
1780313578.675051,,,0.250000,1,1,"0:n=1,raw=0,src=BOARD_2/0",1,1,1,21,21,21,27,0,"21:33.7112,8.6393,0.8761,0.4011",93.216726,8.423404,33.600000,8.000000
1780313579.015685,,,0.203036,1,1,"0:n=1,raw=0,src=BOARD_2/0",1,1,1,21,21,21,28,0,"21:33.7036,9.0540,0.6855,0.6311",93.274007,8.759615,33.600000,8.100000
1780313580.033849,,,0.245219,1,1,"0:n=1,raw=0,src=BOARD_2/0",1,1,1,21,21,21,29,0,"21:33.5658,10.0553,0.2179,0.8782",93.209292,9.243298,33.600000,9.200000
1780313580.710968,,,0.250000,1,1,"0:n=1,raw=0,src=BOARD_2/0",1,1,1,21,21,21,30,0,"21:33.1200,10.6210,-0.1053,0.8654",92.931148,10.318749,33.600000,9.200000
1780313581.055139,,,0.205969,1,1,"0:n=1,raw=0,src=BOARD_2/0",1,1,1,21,21,21,31,0,"21:32.8132,10.7916,-0.2581,0.7663",92.388349,10.880619,33.600000,10.300000
1780313581.393728,,,0.250000,1,1,"0:n=1,raw=0,src=BOARD_2/0",1,1,1,21,21,21,32,0,"21:32.5887,10.9417,-0.3421,0.6868",92.035752,11.021499,33.600000,10.300000
1780313582.065912,,,0.250000,1,1,"0:n=1,raw=0,src=BOARD_2/0",1,1,1,21,21,21,33,0,"21:32.3174,11.1979,-0.3669,0.5292",91.786028,11.147753,33.600000,10.500000
1780313586.805640,,,0.250000,1,1,"0:n=1,raw=0,src=BOARD_2/0",1,1,0,22,,21,1,0,"22:26.6683,5.9777,0.0000,0.0000",91.507348,11.356660,32.100000,11.300000
1780313587.258487,,,0.244186,1,1,"0:n=1,raw=0,src=BOARD_2/0",1,1,0,22,,21,2,0,"22:28.9238,6.9446,3.2124,1.3771",91.507348,11.356660,32.100000,11.300000
1780313587.830073,,,0.220883,1,1,"0:n=1,raw=0,src=BOARD_2/0",1,2,0,22;23,,21,1;1,6;0,"22:30.7599,7.7317,3.2124,1.3771;23:41.1012,9.2777,0.0000,0.0000",91.507348,11.356660,32.100000,11.300000
1780313599.985120,,,0.250000,1,1,"0:n=1,raw=0,src=BOARD_2/0",1,1,0,24,,21,1,0,"24:31.8727,12.5777,0.0000,0.0000",91.507348,11.356660,32.100000,11.300000
1780313617.277940,,,0.250000,1,1,"0:n=1,raw=0,src=BOARD_2/0",1,1,0,25,,21,1,0,"25:32.9551,9.1837,0.0000,0.0000",91.507348,11.356660,32.100000,11.300000
1780313619.763387,,,0.250000,1,1,"0:n=1,raw=0,src=BOARD_2/0",1,1,0,26,,21,1,0,"26:33.1784,7.2954,0.0000,0.0000",91.507348,11.356660,32.100000,11.300000
1780313619.999308,,,0.235921,1,1,"0:n=1,raw=0,src=BOARD_2/0",1,1,0,26,,21,2,0,"26:33.0209,7.0352,-0.2313,-0.3821",91.507348,11.356660,32.100000,11.300000
1780313620.342051,,,0.204159,1,1,"0:n=1,raw=0,src=BOARD_2/0",1,1,1,26,26,26,3,0,"26:32.5627,6.6684,-0.7452,-0.7377",91.507348,11.356660,32.100000,11.300000
1780313620.661241,,,0.248140,1,1,"0:n=1,raw=0,src=BOARD_2/0",1,1,1,26,26,26,4,0,"26:31.9464,6.3506,-1.1470,-0.8385",91.639097,6.447053,32.100000,11.300000
1780313620.993671,,,0.250000,1,1,"0:n=1,raw=0,src=BOARD_2/0",1,1,1,26,26,26,5,0,"26:31.5177,6.3394,-1.2005,-0.5751",90.902350,6.099062,32.100000,11.300000
1780313621.327872,,,0.250000,1,1,"0:n=1,raw=0,src=BOARD_2/0",1,1,1,26,26,26,6,0,"26:31.2522,6.9066,-1.1124,0.1049",90.457529,6.166915,32.100000,10.100000
1780313621.672276,,,0.204423,1,1,"0:n=1,raw=0,src=BOARD_2/0",1,1,1,26,26,26,7,0,"26:31.0834,7.9122,-0.9712,0.9090",90.218446,6.938023,32.100000,6.900000
1780313621.996733,,,0.250000,1,1,"0:n=1,raw=0,src=BOARD_2/0",1,1,1,26,26,26,8,0,"26:31.0378,8.9783,-0.8071,1.5475",90.092100,8.184928,31.100000,6.400000
1780313622.348742,,,0.212033,1,1,"0:n=1,raw=0,src=BOARD_2/0",1,1,1,26,26,26,9,0,"26:31.0438,9.7751,-0.6326,1.7509",90.095632,9.442497,31.100000,6.500000
1780313622.689914,,,0.204506,1,1,"0:n=1,raw=0,src=BOARD_2/0",1,1,1,26,26,26,10,0,"26:31.0602,10.1846,-0.4934,1.5982",90.153976,10.300413,31.100000,6.500000
1780313623.035866,,,0.208926,1,1,"0:n=1,raw=0,src=BOARD_2/0",1,1,1,26,26,26,11,0,"26:31.1173,10.3609,-0.3555,1.2873",90.212204,10.664066,31.100000,6.500000
1780313623.377975,,,0.250000,1,1,"0:n=1,raw=0,src=BOARD_2/0",1,1,1,26,26,26,12,0,"26:31.1788,10.3712,-0.2478,0.9494",90.212204,10.664066,30.700000,9.400000
1780313623.727484,,,0.209835,1,1,"0:n=1,raw=0,src=BOARD_2/0",1,1,1,26,26,26,13,0,"26:31.2472,10.2211,-0.1526,0.5518",90.212204,10.664066,30.700000,9.400000
1780313624.066374,,,0.205184,1,1,"0:n=1,raw=0,src=BOARD_2/0",1,1,1,26,26,26,14,0,"26:31.3000,10.1045,-0.0881,0.3013",90.501442,10.386623,30.700000,10.600000
1780313624.418190,,,0.216974,1,1,"0:n=1,raw=0,src=BOARD_2/0",1,1,1,26,26,26,15,0,"26:31.3574,9.9829,-0.0331,0.1121",90.573612,10.194861,30.700000,10.500000
1780313624.752365,,,0.250000,1,1,"0:n=1,raw=0,src=BOARD_2/0",1,1,1,26,26,26,16,0,"26:31.4041,9.8761,0.0027,-0.0079",90.647438,10.016550,31.100000,10.400000
1780313625.100077,,,0.209299,1,1,"0:n=1,raw=0,src=BOARD_2/0",1,1,1,26,26,26,17,0,"26:31.4430,9.7937,0.0262,-0.0735",90.704875,9.873729,31.100000,10.400000
1780313625.792824,,,0.208847,1,1,"0:n=1,raw=0,src=BOARD_2/0",1,1,1,26,26,26,18,0,"26:31.4811,9.4973,0.0381,-0.2596",90.704875,9.873729,31.100000,10.000000
1780313626.135776,,,0.204293,1,1,"0:n=1,raw=0,src=BOARD_2/0",1,1,1,26,26,26,19,0,"26:31.4613,9.1970,0.0184,-0.4277",90.792507,9.419434,31.100000,10.000000
1780313626.476706,,,0.206451,1,1,"0:n=1,raw=0,src=BOARD_2/0",1,1,1,26,26,26,20,0,"26:31.4067,9.0025,-0.0188,-0.4682",90.766848,9.068711,31.300000,9.400000
1780313626.821109,,,0.208783,1,1,"0:n=1,raw=0,src=BOARD_2/0",1,1,1,26,26,26,21,0,"26:31.2773,8.7833,-0.0952,-0.5173",90.701041,8.862066,31.300000,9.400000
1780313627.174719,,,0.215947,1,1,"0:n=1,raw=0,src=BOARD_2/0",1,1,1,26,26,26,22,0,"26:31.1510,8.5819,-0.1534,-0.5330",90.548746,8.628099,31.300000,9.400000
1780313627.508683,,,0.250000,1,1,"0:n=1,raw=0,src=BOARD_2/0",1,1,1,26,26,26,23,0,"26:30.9840,8.5092,-0.2281,-0.4509",90.405018,8.421979,31.300000,8.900000
1780313627.855625,,,0.205987,1,1,"0:n=1,raw=0,src=BOARD_2/0",1,1,1,26,26,26,24,0,"26:30.8158,8.4024,-0.2838,-0.4098",90.405018,8.421979,31.300000,8.800000
1780313628.201490,,,0.203905,1,1,"0:n=1,raw=0,src=BOARD_2/0",1,1,1,26,26,26,25,0,"26:30.6931,8.3925,-0.2990,-0.3009",90.030648,8.279451,31.100000,8.400000
1780313628.547793,,,0.205876,1,1,"0:n=1,raw=0,src=BOARD_2/0",1,1,1,26,26,26,26,0,"26:30.6002,8.4086,-0.2924,-0.2011",90.030648,8.279451,31.100000,8.400000
1780313628.895348,,,0.208595,1,1,"0:n=1,raw=0,src=BOARD_2/0",1,1,1,26,26,26,27,0,"26:30.5407,8.4525,-0.2661,-0.1063",89.812435,8.348322,30.700000,8.400000
1780313629.237929,,,0.205007,1,1,"0:n=1,raw=0,src=BOARD_2/0",1,1,1,26,26,26,28,0,"26:30.5506,8.5017,-0.2028,-0.0347",89.812435,8.348322,30.700000,8.400000
1780313629.568911,,,0.250000,1,1,"0:n=1,raw=0,src=BOARD_2/0",1,1,1,26,26,26,29,0,"26:30.5280,8.5477,-0.1762,0.0137",89.789805,8.491348,30.500000,8.400000
1780313629.917179,,,0.208368,1,1,"0:n=1,raw=0,src=BOARD_2/0",1,1,1,26,26,26,30,0,"26:30.5254,8.5843,-0.1396,0.0400",89.789805,8.491348,30.500000,8.400000
1780313630.598634,,,0.250000,1,1,"0:n=1,raw=0,src=BOARD_2/0",1,1,1,26,26,26,31,0,"26:30.8990,8.6743,0.1385,0.0882",89.789805,8.491348,30.500000,8.400000
1780313630.942226,,,0.203719,1,1,"0:n=1,raw=0,src=BOARD_2/0",1,1,1,26,26,26,32,0,"26:31.2786,8.7034,0.3357,0.0873",90.240560,8.700725,30.500000,8.400000
1780313631.287966,,,0.204146,1,1,"0:n=1,raw=0,src=BOARD_2/0",1,1,1,26,26,26,33,0,"26:31.6038,8.7027,0.4619,0.0621",90.679316,8.729613,30.500000,8.500000
1780313631.630868,,,0.205955,1,1,"0:n=1,raw=0,src=BOARD_2/0",1,1,1,26,26,26,34,0,"26:31.8050,8.6156,0.4882,-0.0287",91.042372,8.721339,30.500000,8.800000
1780313631.976146,,,0.208890,1,1,"0:n=1,raw=0,src=BOARD_2/0",1,1,1,26,26,26,35,0,"26:31.9458,8.6226,0.4709,-0.0145",91.251404,8.607002,30.500000,8.800000
1780313632.313987,,,0.250000,1,1,"0:n=1,raw=0,src=BOARD_2/0",1,1,1,26,26,26,36,0,"26:31.9684,8.6258,0.3901,-0.0078",91.251404,8.607002,31.600000,8.800000
1780313632.667789,,,0.215151,1,1,"0:n=1,raw=0,src=BOARD_2/0",1,1,1,26,26,26,37,0,"26:32.0667,8.6332,0.3653,0.0007",91.251404,8.607002,31.600000,8.800000
1780313633.005501,,,0.250000,1,1,"0:n=1,raw=0,src=BOARD_2/0",1,1,1,26,26,26,38,0,"26:32.1708,8.6448,0.3571,0.0102",91.476282,8.633383,31.600000,8.800000
1780313633.356311,,,0.212627,1,1,"0:n=1,raw=0,src=BOARD_2/0",1,1,1,26,26,26,39,0,"26:32.3178,8.6641,0.3704,0.0230",91.476282,8.633383,31.600000,8.800000
1780313633.697648,,,0.201928,1,1,"0:n=1,raw=0,src=BOARD_2/0",1,1,1,26,26,26,40,0,"26:32.4823,8.6897,0.3939,0.0375",91.728903,8.670999,32.100000,8.800000
1780313634.050095,,,0.210860,1,1,"0:n=1,raw=0,src=BOARD_2/0",1,1,1,26,26,26,41,0,"26:32.6703,8.7214,0.4243,0.0528",91.728903,8.670999,32.100000,8.800000
1780313634.385170,,,0.250000,1,1,"0:n=1,raw=0,src=BOARD_2/0",1,1,1,26,26,26,42,0,"26:32.8482,8.7703,0.4502,0.0796",92.097569,8.737232,32.300000,8.800000
1780313634.741935,,,0.215109,1,1,"0:n=1,raw=0,src=BOARD_2/0",1,1,1,26,26,26,43,0,"26:33.0299,8.8057,0.4632,0.0853",92.097569,8.737232,32.300000,8.800000
1780313635.080211,,,0.250000,1,1,"0:n=1,raw=0,src=BOARD_2/0",1,1,1,26,26,26,44,0,"26:33.1313,8.8096,0.4341,0.0659",92.468882,8.831326,32.600000,8.800000
1780313635.429740,,,0.209940,1,1,"0:n=1,raw=0,src=BOARD_2/0",1,1,1,26,26,26,45,0,"26:33.1806,8.7099,0.3715,-0.0339",92.468882,8.831326,32.600000,8.800000
1780313635.773748,,,0.250000,1,1,"0:n=1,raw=0,src=BOARD_2/0",1,1,1,26,26,26,46,0,"26:33.2304,8.5983,0.3288,-0.1169",92.592072,8.699720,33.100000,8.800000
1780313636.123634,,,0.208902,1,1,"0:n=1,raw=0,src=BOARD_2/0",1,1,1,26,26,26,47,0,"26:33.1745,8.5612,0.2245,-0.1138",92.629027,8.563250,33.100000,8.800000
1780313636.461434,,,0.200438,1,1,"0:n=1,raw=0,src=BOARD_2/0",1,1,1,26,26,26,48,0,"26:33.0823,8.5026,0.1215,-0.1303",92.629027,8.563250,33.100000,8.800000
1780313636.815103,,,0.214459,1,1,"0:n=1,raw=0,src=BOARD_2/0",1,1,1,26,26,26,49,0,"26:32.9848,8.3599,0.0346,-0.2104",92.418800,8.463479,33.100000,8.800000
1780313637.155396,,,0.250000,1,1,"0:n=1,raw=0,src=BOARD_2/0",1,1,1,26,26,26,50,0,"26:32.8713,8.3724,-0.0430,-0.1432",92.295217,8.296759,33.100000,8.800000
1780313637.502851,,,0.207056,1,1,"0:n=1,raw=0,src=BOARD_2/0",1,1,1,26,26,26,51,0,"26:32.8147,8.5395,-0.0688,0.0353",92.295217,8.296759,33.100000,8.400000
1780313637.849977,,,0.210107,1,1,"0:n=1,raw=0,src=BOARD_2/0",1,1,1,26,26,26,52,0,"26:32.7564,8.7611,-0.0901,0.2077",92.094084,8.550068,33.100000,8.400000
1780313638.195189,,,0.205807,1,1,"0:n=1,raw=0,src=BOARD_2/0",1,1,1,26,26,26,53,0,"26:32.7035,8.9930,-0.1036,0.3404",92.029372,8.823407,32.700000,8.400000
1780313638.539884,,,0.250000,1,1,"0:n=1,raw=0,src=BOARD_2/0",1,1,1,26,26,26,54,0,"26:32.6017,9.0748,-0.1463,0.3171",91.972419,9.095118,32.700000,8.400000
1780313638.891097,,,0.210441,1,1,"0:n=1,raw=0,src=BOARD_2/0",1,1,1,26,26,26,55,0,"26:32.5689,9.0482,-0.1348,0.2034",91.972419,9.095118,32.700000,8.400000
1780313639.229776,,,0.250000,1,1,"0:n=1,raw=0,src=BOARD_2/0",1,1,1,26,26,26,56,0,"26:32.4924,8.9529,-0.1554,0.0701",91.972419,9.095118,32.700000,9.100000
1780313639.578976,,,0.209054,1,1,"0:n=1,raw=0,src=BOARD_2/0",1,1,1,26,26,26,57,0,"26:32.4303,8.7429,-0.1602,-0.1210",91.745785,8.973921,32.700000,9.100000
1780313639.928988,,,0.208490,1,1,"0:n=1,raw=0,src=BOARD_2/0",1,1,1,26,26,26,58,0,"26:32.3526,8.5156,-0.1735,-0.2723",91.682292,8.706566,32.700000,9.100000
1780313640.277678,,,0.207990,1,1,"0:n=1,raw=0,src=BOARD_2/0",1,1,1,26,26,26,59,0,"26:32.2306,8.2722,-0.2115,-0.3946",91.600603,8.433882,32.700000,9.100000
1780313640.621903,,,0.204535,1,1,"0:n=1,raw=0,src=BOARD_2/0",1,1,1,26,26,26,60,0,"26:32.0779,8.1703,-0.2610,-0.3664",91.467130,8.153826,32.300000,9.100000
1780313640.971052,,,0.209995,1,1,"0:n=1,raw=0,src=BOARD_2/0",1,1,1,26,26,26,61,0,"26:31.9858,8.2638,-0.2616,-0.1815",91.467130,8.153826,32.300000,8.800000
1780313641.312730,,,0.203923,1,1,"0:n=1,raw=0,src=BOARD_2/0",1,1,1,26,26,26,62,0,"26:31.9057,8.4583,-0.2558,0.0331",91.207346,8.209286,32.300000,8.800000
1780313641.662006,,,0.208854,1,1,"0:n=1,raw=0,src=BOARD_2/0",1,1,1,26,26,26,63,0,"26:31.8723,8.7078,-0.2207,0.2326",91.128932,8.468199,32.300000,8.700000
1780313642.001065,,,0.201638,1,1,"0:n=1,raw=0,src=BOARD_2/0",1,1,1,26,26,26,64,0,"26:31.8883,8.8093,-0.1636,0.2516",91.106041,8.777573,31.800000,8.200000
1780313642.354481,,,0.214032,1,1,"0:n=1,raw=0,src=BOARD_2/0",1,1,1,26,26,26,65,0,"26:31.8777,8.9037,-0.1339,0.2561",91.106041,8.777573,31.800000,8.200000
1780313642.696654,,,0.250000,1,1,"0:n=1,raw=0,src=BOARD_2/0",1,1,1,26,26,26,66,0,"26:31.8602,8.9429,-0.1179,0.2201",91.137569,8.980496,31.800000,8.800000
1780313643.045854,,,0.209881,1,1,"0:n=1,raw=0,src=BOARD_2/0",1,1,1,26,26,26,67,0,"26:31.8213,8.8612,-0.1166,0.0892",91.137569,8.980496,31.800000,8.800000
1780313643.372670,,,0.250000,1,1,"0:n=1,raw=0,src=BOARD_2/0",1,1,1,26,26,26,68,0,"26:31.7636,8.8363,-0.1291,0.0447",91.137569,8.980496,31.800000,8.800000
1780313643.699209,,,0.250000,1,1,"0:n=1,raw=0,src=BOARD_2/0",1,1,1,26,26,26,69,0,"26:31.6768,8.7926,-0.1572,-0.0030",91.024834,8.849676,31.800000,8.800000
1780313644.027617,,,0.250000,1,1,"0:n=1,raw=0,src=BOARD_2/0",1,1,1,26,26,26,70,0,"26:31.5962,8.7471,-0.1756,-0.0393",91.024834,8.849676,31.800000,8.800000
1780313644.372630,,,0.206840,1,1,"0:n=1,raw=0,src=BOARD_2/0",1,1,1,26,26,26,71,0,"26:31.5297,8.7273,-0.1791,-0.0443",91.024834,8.849676,31.800000,8.800000
1780313644.715878,,,0.250000,1,1,"0:n=1,raw=0,src=BOARD_2/0",1,1,1,26,26,26,72,0,"26:31.4778,8.7234,-0.1758,-0.0359",90.775974,8.714011,31.800000,8.800000
1780313645.066848,,,0.208643,2,2,"0:n=1,raw=0,src=BOARD_2/0;1:n=1,raw=1,src=BOARD_2/0",2,2,1,26;27,26,26,73;1,0;0,"26:31.4458,8.7408,-0.1578,-0.0116;27:29.5052,8.2785,0.0000,0.0000",90.775974,8.714011,31.800000,8.800000
1780313645.406912,,,0.250000,1,1,"0:n=1,raw=0,src=BOARD_2/0",1,2,1,26;27,26,26,74;0,0;2,"26:31.4369,8.7691,-0.1324,0.0147;27:29.5052,8.2785,0.0000,0.0000",90.775974,8.714011,31.400000,8.800000
1780313645.754445,,,0.208319,1,1,"0:n=1,raw=0,src=BOARD_2/0",1,2,1,26;27,26,26,75;0,0;5,"26:31.4955,8.8069,-0.0686,0.0413;27:29.5052,8.2785,0.0000,0.0000",90.775974,8.714011,31.400000,8.800000
1780313646.096576,,,0.250000,1,1,"0:n=1,raw=0,src=BOARD_2/0",1,2,1,26;27,26,26,76;0,0;7,"26:31.5612,8.8320,-0.0148,0.0511;27:29.5052,8.2785,0.0000,0.0000",90.775974,8.714011,31.400000,8.800000
1780313646.448910,,,0.214544,1,1,"0:n=1,raw=0,src=BOARD_2/0",1,2,1,26;27,26,26,77;0,0;10,"26:31.5898,8.8679,0.0058,0.0657;27:29.5052,8.2785,0.0000,0.0000",90.856712,8.847329,31.400000,8.800000
1780313646.788462,,,0.203939,1,1,"0:n=1,raw=0,src=BOARD_2/0",1,2,1,26;27,26,26,78;0,0;13,"26:31.6022,8.8995,0.0123,0.0733;27:29.5052,8.2785,0.0000,0.0000",90.856712,8.847329,31.400000,8.800000
1780313647.140751,,,0.214009,1,1,"0:n=1,raw=0,src=BOARD_2/0",1,2,1,26;27,26,26,79;0,0;16,"26:31.6150,8.9099,0.0175,0.0605;27:29.5052,8.2785,0.0000,0.0000",90.856712,8.847329,31.400000,8.800000
1780313647.485855,,,0.204776,1,1,"0:n=1,raw=0,src=BOARD_2/0",1,2,1,26;27,26,26,80;0,0;19,"26:31.6240,8.8984,0.0194,0.0336;27:29.5052,8.2785,0.0000,0.0000",90.856712,8.847329,31.400000,8.800000
1780313647.834978,,,0.207543,1,1,"0:n=1,raw=0,src=BOARD_2/0",1,2,1,26;27,26,26,81;0,0;22,"26:31.6998,8.8953,0.0625,0.0212;27:29.5052,8.2785,0.0000,0.0000",90.856712,8.847329,31.400000,8.800000
1780313648.178465,,,0.250000,1,1,"0:n=1,raw=0,src=BOARD_2/0",1,2,1,26;27,26,26,82;0,0;24,"26:31.7266,8.8940,0.0668,0.0145;27:29.5052,8.2785,0.0000,0.0000",90.856712,8.847329,31.400000,8.800000
1780313648.521959,,,0.205926,1,1,"0:n=1,raw=0,src=BOARD_2/0",1,2,1,26;27,26,26,83;0,0;27,"26:31.7590,8.8924,0.0727,0.0090;27:29.5052,8.2785,0.0000,0.0000",90.856712,8.847329,31.400000,8.800000
1780313648.867854,,,0.205175,1,1,"0:n=1,raw=0,src=BOARD_2/0",1,1,1,26,26,26,84,0,"26:31.8376,8.9045,0.1059,0.0165",91.080835,8.895063,31.400000,8.800000
1780313649.207849,,,0.202148,1,1,"0:n=1,raw=0,src=BOARD_2/0",1,1,1,26,26,26,85,0,"26:31.8551,8.9141,0.0944,0.0197",91.080835,8.895063,31.400000,8.800000
1780313649.553119,,,0.206611,1,1,"0:n=1,raw=0,src=BOARD_2/0",1,1,1,26,26,26,86,0,"26:31.8690,8.9241,0.0827,0.0224",91.080835,8.895063,31.600000,8.800000
1780313649.899319,,,0.209561,1,1,"0:n=1,raw=0,src=BOARD_2/0",1,1,1,26,26,26,87,0,"26:31.8924,8.9482,0.0794,0.0361",91.080835,8.895063,31.600000,8.800000
1780313650.244974,,,0.202712,1,1,"0:n=1,raw=0,src=BOARD_2/0",1,1,1,26,26,26,88,0,"26:31.9044,8.9387,0.0697,0.0177",91.080835,8.895063,31.600000,8.800000
1780313650.592977,,,0.204812,1,1,"0:n=1,raw=0,src=BOARD_2/0",1,1,1,26,26,26,89,0,"26:31.9220,8.9286,0.0655,0.0041",91.080835,8.895063,31.600000,8.800000
1780313650.937965,,,0.204288,1,1,"0:n=1,raw=0,src=BOARD_2/0",1,1,1,26,26,26,90,0,"26:31.9265,8.9238,0.0542,-0.0011",91.080835,8.895063,31.600000,8.800000
1780313651.287825,,,0.210969,1,1,"0:n=1,raw=0,src=BOARD_2/0",1,1,1,26,26,26,91,0,"26:31.9288,8.9182,0.0437,-0.0055",91.080835,8.895063,31.600000,8.800000
1780313651.627671,,,0.205556,1,1,"0:n=1,raw=0,src=BOARD_2/0",1,1,1,26,26,26,92,0,"26:31.9365,8.9148,0.0392,-0.0068",91.080835,8.895063,31.600000,8.800000
1780313651.978639,,,0.214549,1,1,"0:n=1,raw=0,src=BOARD_2/0",1,1,1,26,26,26,93,0,"26:32.0129,8.8963,0.0786,-0.0203",91.080835,8.895063,31.600000,8.800000
1780313652.316150,,,0.250000,1,1,"0:n=1,raw=0,src=BOARD_2/0",1,1,1,26,26,26,94,0,"26:32.0813,8.8947,0.1057,-0.0162",91.336450,8.890236,31.600000,8.800000
1780313652.671804,,,0.215137,1,1,"0:n=1,raw=0,src=BOARD_2/0",1,1,1,26,26,26,95,0,"26:32.1511,8.9037,0.1257,-0.0040",91.336450,8.890236,31.600000,8.800000
1780313653.017428,,,0.206237,1,1,"0:n=1,raw=0,src=BOARD_2/0",1,1,1,26,26,26,96,0,"26:32.1961,8.8355,0.1267,-0.0588",91.336450,8.890236,31.900000,8.800000
1780313653.363714,,,0.209512,1,1,"0:n=1,raw=0,src=BOARD_2/0",1,1,1,26,26,26,97,0,"26:32.1858,8.8583,0.0931,-0.0232",91.336450,8.890236,31.900000,8.800000
1780313653.704044,,,0.204458,1,1,"0:n=1,raw=0,src=BOARD_2/0",1,1,1,26,26,26,98,0,"26:32.1772,8.8731,0.0680,-0.0042",91.336450,8.890236,31.900000,8.800000
1780313654.053768,,,0.209622,1,1,"0:n=1,raw=0,src=BOARD_2/0",1,1,1,26,26,26,99,0,"26:32.1633,8.8860,0.0445,0.0078",91.336450,8.890236,31.900000,8.800000
1780313654.395873,,,0.202409,1,1,"0:n=1,raw=0,src=BOARD_2/0",1,1,1,26,26,26,100,0,"26:32.1425,8.9013,0.0219,0.0184",91.336450,8.890236,31.900000,8.800000
1780313654.745898,,,0.210306,1,1,"0:n=1,raw=0,src=BOARD_2/0",1,1,1,26,26,26,101,0,"26:32.1144,8.9201,-0.0006,0.0287",91.336450,8.890236,31.900000,8.800000
1780313655.083645,,,0.250000,1,1,"0:n=1,raw=0,src=BOARD_2/0",1,1,1,26,26,26,102,0,"26:32.1014,8.9236,-0.0087,0.0240",91.336450,8.890236,31.900000,8.800000
1780313655.433008,,,0.208862,1,1,"0:n=1,raw=0,src=BOARD_2/0",1,1,1,26,26,26,103,0,"26:32.0914,8.9109,-0.0130,0.0066",91.336450,8.890236,31.900000,8.800000
1780313655.778232,,,0.205278,1,1,"0:n=1,raw=0,src=BOARD_2/0",1,1,1,26,26,26,104,0,"26:32.0982,8.9016,-0.0060,-0.0030",91.336450,8.890236,31.900000,8.800000
1780313656.126737,,,0.208114,1,1,"0:n=1,raw=0,src=BOARD_2/0",1,1,1,26,26,26,105,0,"26:32.0865,8.9001,-0.0120,-0.0034",91.336450,8.890236,31.900000,8.800000
1780313656.466989,,,0.250000,1,1,"0:n=1,raw=0,src=BOARD_2/0",1,1,1,26,26,26,106,0,"26:32.0681,8.9060,-0.0210,0.0025",91.336450,8.890236,31.900000,8.800000
1780313656.815210,,,0.206899,1,1,"0:n=1,raw=0,src=BOARD_2/0",1,1,1,26,26,26,107,0,"26:32.0526,8.9240,-0.0261,0.0166",91.336450,8.890236,31.900000,8.800000
1780313657.154657,,,0.200326,1,1,"0:n=1,raw=0,src=BOARD_2/0",1,1,1,26,26,26,108,0,"26:32.0523,8.9469,-0.0208,0.0308",91.336450,8.890236,31.900000,8.800000
1780313657.502365,,,0.208547,1,1,"0:n=1,raw=0,src=BOARD_2/0",1,1,1,26,26,26,109,0,"26:32.0549,8.9654,-0.0147,0.0373",91.336450,8.890236,31.900000,8.800000
1780313657.845723,,,0.202520,1,1,"0:n=1,raw=0,src=BOARD_2/0",1,1,1,26,26,26,110,0,"26:32.0614,8.9872,-0.0075,0.0448",91.336450,8.890236,31.900000,8.800000
1780313658.194005,,,0.208212,1,1,"0:n=1,raw=0,src=BOARD_2/0",1,1,1,26,26,26,111,0,"26:32.0582,9.0039,-0.0078,0.0457",91.336450,8.890236,31.900000,8.800000
1780313658.534605,,,0.203097,1,1,"0:n=1,raw=0,src=BOARD_2/0",1,1,1,26,26,26,112,0,"26:32.0562,9.0074,-0.0074,0.0356",91.355863,9.017671,31.900000,8.800000
1780313658.879755,,,0.203073,1,1,"0:n=1,raw=0,src=BOARD_2/0",1,1,1,26,26,26,113,0,"26:32.0586,9.0145,-0.0043,0.0312",91.355863,9.017671,31.900000,8.800000
1780313659.223792,,,0.204076,1,1,"0:n=1,raw=0,src=BOARD_2/0",1,1,1,26,26,26,114,0,"26:32.0642,9.0148,0.0001,0.0225",91.355863,9.017671,31.900000,9.100000
1780313659.569548,,,0.205873,1,1,"0:n=1,raw=0,src=BOARD_2/0",1,1,1,26,26,26,115,0,"26:32.0668,9.0253,0.0018,0.0248",91.355863,9.017671,31.900000,9.100000
1780313659.914250,,,0.201200,1,1,"0:n=1,raw=0,src=BOARD_2/0",1,1,1,26,26,26,116,0,"26:32.0530,9.0308,-0.0073,0.0222",91.355863,9.017671,31.900000,9.100000
1780313660.266215,,,0.210698,1,1,"0:n=1,raw=0,src=BOARD_2/0",1,1,1,26,26,26,117,0,"26:32.0283,9.0426,-0.0212,0.0255",91.355863,9.017671,31.900000,9.100000
1780313660.617129,,,0.210552,1,1,"0:n=1,raw=0,src=BOARD_2/0",1,1,1,26,26,26,118,0,"26:32.0138,9.0512,-0.0257,0.0252",91.355863,9.017671,31.900000,9.100000
1780313660.944190,,,0.250000,1,1,"0:n=1,raw=0,src=BOARD_2/0",1,1,1,26,26,26,119,0,"26:32.0593,9.0505,0.0081,0.0179",91.355863,9.017671,31.900000,9.100000
1780313661.288234,,,0.205465,1,1,"0:n=1,raw=0,src=BOARD_2/0",1,1,1,26,26,26,120,0,"26:32.0447,9.0514,-0.0027,0.0135",91.355863,9.017671,31.900000,9.100000
1780313661.636523,,,0.208180,1,1,"0:n=1,raw=0,src=BOARD_2/0",1,1,1,26,26,26,121,0,"26:32.0889,9.0558,0.0253,0.0132",91.355863,9.017671,31.900000,9.100000
1780313661.981561,,,0.204490,1,1,"0:n=1,raw=0,src=BOARD_2/0",1,1,1,26,26,26,122,0,"26:32.0666,9.0695,0.0060,0.0208",91.355863,9.017671,31.900000,9.100000
1780313662.331631,,,0.210935,1,1,"0:n=1,raw=0,src=BOARD_2/0",1,1,1,26,26,26,123,0,"26:32.0433,9.0870,-0.0099,0.0293",91.355863,9.017671,31.900000,9.100000
1780313662.657476,,,0.250000,1,1,"0:n=1,raw=0,src=BOARD_2/0",1,1,1,26,26,26,124,0,"26:32.0278,9.1079,-0.0176,0.0390",91.355863,9.017671,31.900000,9.100000
1780313662.996915,,,0.250000,1,1,"0:n=1,raw=0,src=BOARD_2/0",1,1,1,26,26,26,125,0,"26:31.9983,9.1178,-0.0324,0.0368",91.355863,9.017671,31.900000,9.100000
1780313663.323556,,,0.250000,1,1,"0:n=1,raw=0,src=BOARD_2/0",1,1,1,26,26,26,126,0,"26:31.9652,9.1094,-0.0463,0.0203",91.355863,9.017671,31.900000,9.100000
1780313663.649996,,,0.250000,1,1,"0:n=1,raw=0,src=BOARD_2/0",1,1,1,26,26,26,127,0,"26:31.9446,9.0895,-0.0498,-0.0011",91.355863,9.017671,31.900000,9.100000
1780313663.979168,,,0.250000,1,1,"0:n=1,raw=0,src=BOARD_2/0",1,1,1,26,26,26,128,0,"26:31.9274,9.0646,-0.0506,-0.0208",91.355863,9.017671,31.900000,9.100000
1780313664.325989,,,0.207594,1,1,"0:n=1,raw=0,src=BOARD_2/0",1,1,1,26,26,26,129,0,"26:31.9137,9.0408,-0.0482,-0.0339",91.355863,9.017671,31.900000,9.100000
1780313664.664854,,,0.250000,1,1,"0:n=1,raw=0,src=BOARD_2/0",1,1,1,26,26,26,130,0,"26:31.8981,9.0246,-0.0483,-0.0383",91.355863,9.017671,31.900000,9.100000
1780313665.015750,,,0.210810,1,1,"0:n=1,raw=0,src=BOARD_2/0",1,1,1,26,26,26,131,0,"26:31.8722,9.0240,-0.0537,-0.0279",91.355863,9.017671,31.900000,9.100000
1780313665.358130,,,0.202970,1,1,"0:n=1,raw=0,src=BOARD_2/0",1,1,1,26,26,26,132,0,"26:31.8347,9.0258,-0.0654,-0.0187",91.355863,9.017671,31.900000,9.100000
1780313665.708241,,,0.210157,1,1,"0:n=1,raw=0,src=BOARD_2/0",1,1,1,26,26,26,133,0,"26:31.7979,9.0306,-0.0739,-0.0093",91.115096,9.020164,31.900000,9.100000
1780313666.050449,,,0.250000,1,1,"0:n=1,raw=0,src=BOARD_2/0",1,1,1,26,26,26,134,0,"26:31.7643,9.0368,-0.0801,-0.0016",91.115096,9.020164,31.900000,9.100000
1780313666.392344,,,0.201307,1,1,"0:n=1,raw=0,src=BOARD_2/0",1,1,1,26,26,26,135,0,"26:31.7391,9.0321,-0.0787,-0.0050",91.115096,9.020164,31.800000,9.100000
1780313666.736282,,,0.203196,1,1,"0:n=1,raw=0,src=BOARD_2/0",1,1,1,26,26,26,136,0,"26:31.7236,9.0152,-0.0715,-0.0175",91.115096,9.020164,31.800000,9.100000
1780313667.086848,,,0.213704,1,1,"0:n=1,raw=0,src=BOARD_2/0",1,1,1,26,26,26,137,0,"26:31.7310,8.9999,-0.0513,-0.0251",91.115096,9.020164,31.800000,9.100000
1780313667.431031,,,0.206701,1,1,"0:n=1,raw=0,src=BOARD_2/0",1,1,1,26,26,26,138,0,"26:31.7472,8.9795,-0.0301,-0.0349",91.115096,9.020164,31.800000,9.100000
1780313667.781848,,,0.211082,1,1,"0:n=1,raw=0,src=BOARD_2/0",1,1,1,26,26,26,139,0,"26:31.7688,8.9631,-0.0100,-0.0384",91.115096,9.020164,31.800000,9.100000
1780313668.109198,,,0.250000,1,1,"0:n=1,raw=0,src=BOARD_2/0",1,1,1,26,26,26,140,0,"26:31.7827,8.9617,0.0007,-0.0291",91.115096,9.020164,31.800000,9.100000
1780313668.445246,,,0.250000,2,2,"0:n=1,raw=0,src=BOARD_2/0;1:n=1,raw=1,src=BOARD_2/0",2,2,1,26;28,26,26,141;1,0;0,"26:31.8450,8.9402,0.0393,-0.0394;28:33.0986,8.6910,0.0000,0.0000",91.115096,9.020164,31.800000,9.100000
1780313668.792809,,,0.208647,1,1,"0:n=1,raw=0,src=BOARD_2/0",1,2,1,26;28,26,26,142;0,0;3,"26:31.8359,8.9451,0.0253,-0.0243;28:33.0986,8.6910,0.0000,0.0000",91.115096,9.020164,31.800000,9.100000
1780313669.143080,,,0.212017,1,1,"0:n=1,raw=0,src=BOARD_2/0",1,2,1,26;28,26,26,143;0,0;6,"26:31.8235,8.9410,0.0123,-0.0207;28:33.0986,8.6910,0.0000,0.0000",91.115096,9.020164,31.800000,9.100000
1780313669.484018,,,0.250000,1,1,"0:n=1,raw=0,src=BOARD_2/0",1,2,1,26;28,26,26,144;0,0;8,"26:31.8080,8.9465,0.0003,-0.0106;28:33.0986,8.6910,0.0000,0.0000",91.115096,9.020164,31.800000,9.100000
1780313669.830724,,,0.206368,1,1,"0:n=1,raw=0,src=BOARD_2/0",1,2,1,26;28,26,26,145;0,0;11,"26:31.8093,8.9487,0.0010,-0.0058;28:33.0986,8.6910,0.0000,0.0000",91.115096,9.020164,31.800000,9.100000
1780313670.162505,,,0.250000,1,1,"0:n=1,raw=0,src=BOARD_2/0",1,2,1,26;28,26,26,146;0,0;13,"26:31.8135,8.9573,0.0034,0.0028;28:33.0986,8.6910,0.0000,0.0000",91.115096,9.020164,31.800000,9.100000
1780313670.513803,,,0.210707,1,1,"0:n=1,raw=0,src=BOARD_2/0",1,2,1,26;28,26,26,147;0,0;16,"26:31.8355,8.9679,0.0161,0.0107;28:33.0986,8.6910,0.0000,0.0000",91.115096,9.020164,31.800000,9.100000
1780313670.834706,,,0.250000,1,1,"0:n=1,raw=0,src=BOARD_2/0",1,2,1,26;28,26,26,148;0,0;18,"26:31.8615,8.9788,0.0290,0.0169;28:33.0986,8.6910,0.0000,0.0000",91.115096,9.020164,31.800000,9.100000
1780313671.163330,,,0.250000,1,1,"0:n=1,raw=0,src=BOARD_2/0",1,2,1,26;28,26,26,149;0,0;20,"26:31.8771,8.9875,0.0329,0.0197;28:33.0986,8.6910,0.0000,0.0000",91.115096,9.020164,31.800000,9.100000
1780313671.490851,,,0.250000,1,1,"0:n=1,raw=0,src=BOARD_2/0",1,2,1,26;28,26,26,150;0,0;22,"26:31.9043,8.9861,0.0430,0.0134;28:33.0986,8.6910,0.0000,0.0000",91.115096,9.020164,31.800000,9.100000
1780313671.813150,,,0.250000,1,1,"0:n=1,raw=0,src=BOARD_2/0",1,2,1,26;28,26,26,151;0,0;24,"26:31.9221,8.9822,0.0455,0.0068;28:33.0986,8.6910,0.0000,0.0000",91.115096,9.020164,31.800000,9.100000
1780313672.137789,,,0.250000,1,1,"0:n=1,raw=0,src=BOARD_2/0",1,2,1,26;28,26,26,152;0,0;26,"26:31.9916,8.9768,0.0786,0.0008;28:33.0986,8.6910,0.0000,0.0000",91.115096,9.020164,31.800000,9.100000
1780313672.480891,,,0.208155,1,1,"0:n=1,raw=0,src=BOARD_2/0",1,2,1,26;28,26,26,153;0,0;29,"26:32.0063,8.9684,0.0712,-0.0062;28:33.0986,8.6910,0.0000,0.0000",91.315232,8.977073,31.800000,9.100000
1780313672.825782,,,0.204941,1,1,"0:n=1,raw=0,src=BOARD_2/0",1,1,1,26,26,26,154,0,"26:32.0156,8.9718,0.0620,-0.0017",91.315232,8.977073,31.800000,9.100000
1780313673.172282,,,0.206491,1,1,"0:n=1,raw=0,src=BOARD_2/0",1,1,1,26,26,26,155,0,"26:32.0175,8.9744,0.0500,0.0009",91.315232,8.977073,31.900000,9.100000
1780313673.514361,,,0.205336,1,1,"0:n=1,raw=0,src=BOARD_2/0",1,1,1,26,26,26,156,0,"26:32.0294,8.9854,0.0468,0.0098",91.315232,8.977073,31.900000,9.100000
1780313673.867167,,,0.214132,1,1,"0:n=1,raw=0,src=BOARD_2/0",1,1,1,26,26,26,157,0,"26:32.0191,8.9972,0.0300,0.0168",91.315232,8.977073,31.900000,9.100000
1780313674.209325,,,0.250000,1,1,"0:n=1,raw=0,src=BOARD_2/0",1,1,1,26,26,26,158,0,"26:32.0647,9.0015,0.0526,0.0159",91.315232,8.977073,31.900000,9.100000
1780313674.569140,,,0.219647,1,1,"0:n=1,raw=0,src=BOARD_2/0",1,1,1,26,26,26,159,0,"26:32.0441,9.0061,0.0281,0.0149",91.315232,8.977073,31.900000,9.100000
1780313674.914954,,,0.250000,1,1,"0:n=1,raw=0,src=BOARD_2/0",1,1,1,26,26,26,160,0,"26:32.0243,9.0102,0.0102,0.0144",91.315232,8.977073,31.900000,9.100000
1780313675.263088,,,0.207803,1,1,"0:n=1,raw=0,src=BOARD_2/0",1,1,1,26,26,26,161,0,"26:32.0166,9.0055,0.0034,0.0065",91.315232,8.977073,31.900000,9.100000
1780313675.606499,,,0.203583,1,1,"0:n=1,raw=0,src=BOARD_2/0",1,1,1,26,26,26,162,0,"26:32.0052,8.9925,-0.0043,-0.0059",91.315232,8.977073,31.900000,9.100000
1780313675.954737,,,0.209071,1,1,"0:n=1,raw=0,src=BOARD_2/0",1,1,1,26,26,26,163,0,"26:31.9981,8.9932,-0.0078,-0.0037",91.315232,8.977073,31.900000,9.100000
1780313676.278046,,,0.250000,1,1,"0:n=1,raw=0,src=BOARD_2/0",1,1,1,26,26,26,164,0,"26:31.9847,8.9916,-0.0146,-0.0040",91.315232,8.977073,31.900000,9.100000
1780313676.616066,,,0.250000,1,1,"0:n=1,raw=0,src=BOARD_2/0",1,1,1,26,26,26,165,0,"26:31.9667,8.9908,-0.0228,-0.0036",91.315232,8.977073,31.900000,9.100000
1780313676.959872,,,0.203354,1,1,"0:n=1,raw=0,src=BOARD_2/0",1,1,1,26,26,26,166,0,"26:31.9396,8.9904,-0.0346,-0.0029",91.315232,8.977073,31.900000,9.100000
1780313677.304027,,,0.207551,1,1,"0:n=1,raw=0,src=BOARD_2/0",1,1,1,26,26,26,167,0,"26:31.9097,8.9995,-0.0457,0.0054",91.315232,8.977073,31.900000,9.100000
1780313677.640815,,,0.250000,1,1,"0:n=1,raw=0,src=BOARD_2/0",1,1,1,26,26,26,168,0,"26:31.8694,9.0031,-0.0616,0.0069",91.315232,8.977073,31.900000,9.100000
1780313677.986360,,,0.203933,1,1,"0:n=1,raw=0,src=BOARD_2/0",1,1,1,26,26,26,169,0,"26:31.8395,9.0052,-0.0669,0.0067",91.315232,8.977073,31.900000,9.100000
1780313678.331996,,,0.205618,1,1,"0:n=1,raw=0,src=BOARD_2/0",1,1,1,26,26,26,170,0,"26:31.8195,9.0109,-0.0649,0.0095",91.315232,8.977073,31.900000,9.100000
1780313678.688068,,,0.214956,1,1,"0:n=1,raw=0,src=BOARD_2/0",1,1,1,26,26,26,171,0,"26:31.7986,9.0142,-0.0636,0.0094",91.100069,9.013728,31.900000,9.100000
1780313679.025840,,,0.250000,1,1,"0:n=1,raw=0,src=BOARD_2/0",1,1,1,26,26,26,172,0,"26:31.7837,9.0135,-0.0602,0.0063",91.100069,9.013728,31.900000,9.100000
1780313679.368550,,,0.201681,1,1,"0:n=1,raw=0,src=BOARD_2/0",1,1,1,26,26,26,173,0,"26:31.7982,9.0011,-0.0385,-0.0057",91.100069,9.013728,31.800000,9.100000
1780313679.706468,,,0.250000,1,1,"0:n=1,raw=0,src=BOARD_2/0",1,1,1,26,26,26,174,0,"26:31.7985,8.9931,-0.0307,-0.0108",91.100069,9.013728,31.800000,9.100000
1780313680.050218,,,0.203328,1,1,"0:n=1,raw=0,src=BOARD_2/0",1,1,1,26,26,26,175,0,"26:31.8034,8.9926,-0.0212,-0.0082",91.100069,9.013728,31.800000,9.100000
1780313680.385345,,,0.250000,1,1,"0:n=1,raw=0,src=BOARD_2/0",1,1,1,26,26,26,176,0,"26:31.8119,8.9906,-0.0117,-0.0077",91.100069,9.013728,31.800000,9.100000
1780313680.729291,,,0.250000,1,1,"0:n=1,raw=0,src=BOARD_2/0",1,1,1,26,26,26,177,0,"26:31.8109,8.9874,-0.0100,-0.0082",91.100069,9.013728,31.800000,9.100000
1780313681.061059,,,0.250000,1,1,"0:n=1,raw=0,src=BOARD_2/0",1,1,1,26,26,26,178,0,"26:31.7976,8.9835,-0.0162,-0.0093",91.100069,9.013728,31.800000,9.100000
1780313681.399244,,,0.202654,1,1,"0:n=1,raw=0,src=BOARD_2/0",1,1,1,26,26,26,179,0,"26:31.9660,8.9857,0.0889,-0.0050",91.100069,9.013728,31.800000,9.100000
1780313681.736365,,,0.250000,1,1,"0:n=1,raw=0,src=BOARD_2/0",1,1,1,26,26,26,180,0,"26:32.3525,8.9722,0.3071,-0.0148",91.100069,9.013728,31.800000,9.100000
1780313682.074639,,,0.250000,1,1,"0:n=1,raw=0,src=BOARD_2/0",1,1,1,26,26,26,181,0,"26:33.0303,8.9505,0.6601,-0.0287",91.744655,8.967741,31.800000,9.100000
1780313682.407227,,,0.250000,1,1,"0:n=1,raw=0,src=BOARD_2/0",1,1,1,26,26,26,182,0,"26:33.9309,8.8764,1.0790,-0.0816",92.528296,8.941899,31.800000,9.100000
1780313682.748446,,,0.202763,1,1,"0:n=1,raw=0,src=BOARD_2/0",1,1,1,26,26,26,183,0,"26:34.7361,8.9092,1.3426,-0.0330",93.554546,8.851951,31.800000,9.100000
1780313683.085594,,,0.250000,1,1,"0:n=1,raw=0,src=BOARD_2/0",1,1,1,26,26,26,184,0,"26:35.3526,8.8838,1.4561,-0.0452",94.438831,8.899295,33.100000,9.100000
1780313683.426300,,,0.250000,1,1,"0:n=1,raw=0,src=BOARD_2/0",1,1,1,26,26,26,185,0,"26:35.7238,8.9445,1.3975,0.0164",95.089424,8.870200,35.100000,9.100000
1780313683.744492,,,0.248200,1,1,"0:n=1,raw=0,src=BOARD_2/0",1,1,1,26,26,26,186,0,"26:35.9278,8.9952,1.2517,0.0533",95.443031,8.949425,35.100000,9.100000
1780313684.060724,,,0.249182,1,1,"0:n=1,raw=0,src=BOARD_2/0",1,1,1,26,26,26,187,0,"26:36.0033,9.0237,1.0586,0.0628",95.443031,8.949425,35.100000,9.100000
1780313684.373442,,,0.242894,1,1,"0:n=1,raw=0,src=BOARD_2/0",1,1,1,26,26,26,188,0,"26:36.0129,9.0320,0.8654,0.0536",95.443031,8.949425,36.100000,9.100000
1780313684.697262,,,0.250000,1,1,"0:n=1,raw=0,src=BOARD_2/0",1,1,1,26,26,26,189,0,"26:35.9821,9.0329,0.6811,0.0406",95.443031,8.949425,36.100000,9.100000
1780313685.034561,,,0.250000,1,1,"0:n=1,raw=0,src=BOARD_2/0",1,1,1,26,26,26,190,0,"26:35.9179,9.0354,0.5115,0.0321",95.443031,8.949425,36.100000,9.100000
1780313685.373052,,,0.250000,1,1,"0:n=1,raw=0,src=BOARD_2/0",1,1,1,26,26,26,191,0,"26:35.8607,9.0268,0.3795,0.0170",95.443031,8.949425,36.100000,9.100000
1780313685.706058,,,0.250000,1,1,"0:n=1,raw=0,src=BOARD_2/0",1,1,1,26,26,26,192,0,"26:35.8475,9.0238,0.2997,0.0103",95.443031,8.949425,36.100000,9.100000
1780313686.048439,,,0.250000,1,1,"0:n=1,raw=0,src=BOARD_2/0",1,1,1,26,26,26,193,0,"26:35.7882,9.0211,0.2072,0.0055",95.237445,9.026903,36.100000,9.100000
1780313686.378709,,,0.250000,1,1,"0:n=1,raw=0,src=BOARD_2/0",1,1,1,26,26,26,194,0,"26:35.7347,9.0124,0.1359,-0.0028",95.237445,9.026903,36.100000,9.100000
1780313686.717796,,,0.250000,1,1,"0:n=1,raw=0,src=BOARD_2/0",1,1,1,26,26,26,195,0,"26:35.6910,9.0085,0.0840,-0.0052",95.237445,9.026903,35.900000,9.100000
1780313687.051752,,,0.250000,1,1,"0:n=1,raw=0,src=BOARD_2/0",1,1,1,26,26,26,196,0,"26:35.6578,9.0187,0.0483,0.0043",95.016210,9.006928,35.900000,9.100000
1780313687.394202,,,0.205460,1,1,"0:n=1,raw=0,src=BOARD_2/0",1,1,1,26,26,26,197,0,"26:35.7767,8.9664,0.1092,-0.0384",95.016210,9.006928,35.900000,9.100000
1780313687.721952,,,0.250000,1,1,"0:n=1,raw=0,src=BOARD_2/0",1,1,1,26,26,26,198,0,"26:35.9385,8.9500,0.1857,-0.0417",95.016210,9.006928,35.600000,9.100000
1780313688.057681,,,0.250000,1,1,"0:n=1,raw=0,src=BOARD_2/0",1,1,1,26,26,26,199,0,"26:36.2272,8.9213,0.3243,-0.0542",95.294162,8.937462,35.600000,9.100000
1780313688.399312,,,0.250000,1,1,"0:n=1,raw=0,src=BOARD_2/0",1,1,1,26,26,26,200,0,"26:36.5535,8.8846,0.4584,-0.0699",95.624522,8.904986,35.600000,9.100000
1780313688.737875,,,0.250000,1,1,"0:n=1,raw=0,src=BOARD_2/0",1,1,1,26,26,26,201,0,"26:36.8475,8.8734,0.5477,-0.0610",95.991039,8.863604,35.600000,9.100000
1780313689.073223,,,0.250000,1,1,"0:n=1,raw=0,src=BOARD_2/0",1,1,1,26,26,26,202,0,"26:37.0775,8.8688,0.5804,-0.0490",96.311811,8.855051,35.600000,9.100000
1780313689.415860,,,0.202230,1,1,"0:n=1,raw=0,src=BOARD_2/0",1,1,1,26,26,26,203,0,"26:37.1881,8.8595,0.5277,-0.0430",96.551631,8.854051,35.600000,9.100000
1780313689.730433,,,0.243432,1,1,"0:n=1,raw=0,src=BOARD_2/0",1,1,1,26,26,26,204,0,"26:37.2318,8.8561,0.4536,-0.0347",96.551631,8.854051,37.000000,9.100000
1780313690.073641,,,0.250000,1,1,"0:n=1,raw=0,src=BOARD_2/0",1,1,1,26,26,26,205,0,"26:37.2487,8.8578,0.3755,-0.0243",96.551631,8.854051,37.000000,9.100000
1780313690.404740,,,0.250000,1,1,"0:n=1,raw=0,src=BOARD_2/0",1,1,1,26,26,26,206,0,"26:37.2243,8.8582,0.2881,-0.0176",96.551631,8.854051,37.000000,9.100000
1780313690.748767,,,0.203910,1,1,"0:n=1,raw=0,src=BOARD_2/0",1,1,1,26,26,26,207,0,"26:37.1995,8.8350,0.2134,-0.0313",96.551631,8.854051,37.000000,9.100000
1780313691.077594,,,0.250000,1,1,"0:n=1,raw=0,src=BOARD_2/0",1,1,1,26,26,26,208,0,"26:37.1684,8.8409,0.1528,-0.0183",96.551631,8.854051,37.000000,9.100000
1780313691.417596,,,0.250000,1,1,"0:n=1,raw=0,src=BOARD_2/0",1,1,1,26,26,26,209,0,"26:37.1347,8.8483,0.1026,-0.0075",96.551631,8.854051,37.000000,9.100000
1780313691.751086,,,0.250000,1,1,"0:n=1,raw=0,src=BOARD_2/0",1,1,1,26,26,26,210,0,"26:37.1013,8.8539,0.0624,-0.0010",96.551631,8.854051,37.000000,9.100000
1780313692.088980,,,0.250000,1,1,"0:n=1,raw=0,src=BOARD_2/0",1,1,1,26,26,26,211,0,"26:37.0634,8.8494,0.0276,-0.0044",96.551631,8.854051,37.000000,9.100000
1780313692.420863,,,0.250000,1,1,"0:n=1,raw=0,src=BOARD_2/0",1,1,1,26,26,26,212,0,"26:37.0493,8.8400,0.0138,-0.0108",96.551631,8.854051,37.000000,9.100000
1780313692.764234,,,0.206032,1,1,"0:n=1,raw=0,src=BOARD_2/0",1,1,1,26,26,26,213,0,"26:37.0076,8.8381,-0.0139,-0.0093",96.551631,8.854051,37.000000,9.100000
1780313693.098101,,,0.250000,1,1,"0:n=1,raw=0,src=BOARD_2/0",1,1,1,26,26,26,214,0,"26:36.9705,8.8570,-0.0336,0.0085",96.303493,8.835269,37.000000,9.100000
1780313693.436761,,,0.250000,1,1,"0:n=1,raw=0,src=BOARD_2/0",1,1,1,26,26,26,215,0,"26:36.9281,8.8959,-0.0528,0.0380",96.303493,8.835269,37.000000,9.100000
1780313693.772967,,,0.250000,1,1,"0:n=1,raw=0,src=BOARD_2/0",1,1,1,26,26,26,216,0,"26:36.8951,8.9364,-0.0625,0.0611",96.303493,8.835269,37.000000,9.100000
1780313694.111719,,,0.201923,1,1,"0:n=1,raw=0,src=BOARD_2/0",1,1,1,26,26,26,217,0,"26:36.9492,8.9737,-0.0172,0.0743",96.303493,8.835269,37.000000,9.100000
1780313694.444620,,,0.250000,1,1,"0:n=1,raw=0,src=BOARD_2/0",1,1,1,26,26,26,218,0,"26:37.1295,9.0011,0.0958,0.0772",96.244066,8.996002,37.000000,9.100000
1780313694.789407,,,0.208145,1,1,"0:n=1,raw=0,src=BOARD_2/0",1,1,1,26,26,26,219,0,"26:37.4358,9.0256,0.2621,0.0755",96.458206,9.024281,37.000000,9.100000
1780313695.119739,,,0.250000,1,1,"0:n=1,raw=0,src=BOARD_2/0",1,1,1,26,26,26,220,0,"26:37.7455,9.0392,0.4010,0.0669",96.814391,9.048208,37.000000,9.100000
1780313695.464545,,,0.207113,1,1,"0:n=1,raw=0,src=BOARD_2/0",1,1,1,26,26,26,221,0,"26:38.0735,9.0611,0.5172,0.0660",97.165759,9.059215,37.000000,9.100000
1780313695.795211,,,0.250000,1,1,"0:n=1,raw=0,src=BOARD_2/0",1,1,1,26,26,26,222,0,"26:38.3632,9.0759,0.5939,0.0607",97.528611,9.080903,37.000000,9.100000
1780313696.140386,,,0.250000,1,1,"0:n=1,raw=0,src=BOARD_2/0",1,1,1,26,26,26,223,0,"26:38.5253,9.1070,0.5763,0.0703",97.841350,9.094123,37.000000,9.100000
1780313696.472581,,,0.250000,1,1,"0:n=1,raw=0,src=BOARD_2/0",1,1,1,26,26,26,224,0,"26:38.6258,9.1204,0.5253,0.0629",97.841350,9.094123,37.000000,9.100000
1780313696.813676,,,0.250000,1,1,"0:n=1,raw=0,src=BOARD_2/0",1,1,1,26,26,26,225,0,"26:38.6614,9.1371,0.4456,0.0602",98.083361,9.139297,38.400000,9.100000
1780313697.146131,,,0.250000,1,1,"0:n=1,raw=0,src=BOARD_2/0",1,1,1,26,26,26,226,0,"26:38.6677,9.1692,0.3635,0.0705",98.083361,9.139297,38.400000,9.100000
1780313697.485387,,,0.250000,1,1,"0:n=1,raw=0,src=BOARD_2/0",1,1,1,26,26,26,227,0,"26:38.6329,9.1945,0.2731,0.0726",98.083361,9.139297,38.600000,9.100000
1780313697.819794,,,0.250000,1,1,"0:n=1,raw=0,src=BOARD_2/0",1,1,1,26,26,26,228,0,"26:38.5965,9.2083,0.1996,0.0651",98.083361,9.139297,38.600000,9.100000
1780313698.164474,,,0.203479,1,1,"0:n=1,raw=0,src=BOARD_2/0",1,1,1,26,26,26,229,0,"26:38.5580,9.1969,0.1357,0.0383",98.083361,9.139297,38.600000,9.100000
1780313698.496998,,,0.250000,1,1,"0:n=1,raw=0,src=BOARD_2/0",1,1,1,26,26,26,230,0,"26:38.5017,9.1731,0.0757,0.0090",98.083361,9.139297,38.600000,9.100000
1780313698.836072,,,0.250000,1,1,"0:n=1,raw=0,src=BOARD_2/0",1,1,1,26,26,26,231,0,"26:38.5365,9.0932,0.0820,-0.0587",97.824402,9.175864,38.600000,9.100000
1780313699.169677,,,0.250000,1,1,"0:n=1,raw=0,src=BOARD_2/0",1,1,1,26,26,26,232,0,"26:38.7658,9.0376,0.2049,-0.0887",97.824402,9.175864,38.600000,9.100000
1780313699.512650,,,0.202301,1,1,"0:n=1,raw=0,src=BOARD_2/0",1,1,1,26,26,26,233,0,"26:39.0088,9.0486,0.3089,-0.0556",98.127241,9.010966,38.500000,9.100000
1780313699.842311,,,0.250000,1,1,"0:n=1,raw=0,src=BOARD_2/0",1,1,1,26,26,26,234,0,"26:39.2836,9.0579,0.4161,-0.0334",98.401410,9.031896,38.500000,9.100000
1780313700.190479,,,0.210153,1,1,"0:n=1,raw=0,src=BOARD_2/0",1,1,1,26,26,26,235,0,"26:39.5624,9.0735,0.4976,-0.0113",98.708474,9.047837,38.700000,9.100000
1780313700.523147,,,0.250000,1,1,"0:n=1,raw=0,src=BOARD_2/0",1,1,1,26,26,26,236,0,"26:39.7072,9.0828,0.4888,-0.0006",99.011681,9.070059,38.700000,9.100000
1780313700.863189,,,0.250000,1,1,"0:n=1,raw=0,src=BOARD_2/0",1,1,1,26,26,26,237,0,"26:39.7977,9.0937,0.4479,0.0085",99.011681,9.070059,38.700000,9.100000
1780313701.197356,,,0.250000,1,1,"0:n=1,raw=0,src=BOARD_2/0",1,1,1,26,26,26,238,0,"26:39.8477,9.1009,0.3909,0.0121",99.232026,9.096218,39.700000,9.100000
1780313701.537352,,,0.250000,1,1,"0:n=1,raw=0,src=BOARD_2/0",1,1,1,26,26,26,239,0,"26:39.9397,9.0966,0.3706,0.0056",99.232026,9.096218,39.700000,9.100000
1780313701.871754,,,0.250000,1,1,"0:n=1,raw=0,src=BOARD_2/0",1,1,1,26,26,26,240,0,"26:40.0236,9.0912,0.3499,-0.0002",99.232026,9.096218,39.900000,9.100000
1780313702.212563,,,0.204112,1,1,"0:n=1,raw=0,src=BOARD_2/0",1,1,1,26,26,26,241,0,"26:40.0903,9.0205,0.3185,-0.0562",99.232026,9.096218,39.900000,9.100000
1780313702.546475,,,0.250000,1,1,"0:n=1,raw=0,src=BOARD_2/0",1,1,1,26,26,26,242,0,"26:40.0939,9.0473,0.2588,-0.0197",99.485818,9.003652,39.900000,9.100000
1780313702.887599,,,0.201682,1,1,"0:n=1,raw=0,src=BOARD_2/0",1,1,1,26,26,26,243,0,"26:40.0934,9.0816,0.2050,0.0136",99.485818,9.003652,39.900000,9.100000
1780313703.220607,,,0.250000,1,1,"0:n=1,raw=0,src=BOARD_2/0",1,1,1,26,26,26,244,0,"26:40.0876,9.1043,0.1615,0.0287",99.485818,9.003652,40.000000,9.100000
1780313703.568160,,,0.208863,1,1,"0:n=1,raw=0,src=BOARD_2/0",1,1,1,26,26,26,245,0,"26:40.0645,9.1169,0.1130,0.0309",99.485818,9.003652,40.000000,9.100000
1780313703.884334,,,0.246178,1,1,"0:n=1,raw=0,src=BOARD_2/0",1,1,1,26,26,26,246,0,"26:40.0349,9.1343,0.0727,0.0372",99.398435,9.126178,40.000000,9.100000
1780313704.212308,,,0.250000,1,1,"0:n=1,raw=0,src=BOARD_2/0",1,1,1,26,26,26,247,0,"26:39.9904,9.1444,0.0312,0.0358",99.398435,9.126178,40.000000,9.100000
1780313704.543843,,,0.250000,1,1,"0:n=1,raw=0,src=BOARD_2/0",1,1,1,26,26,26,248,0,"26:39.9617,9.1495,0.0076,0.0306",99.398435,9.126178,40.000000,9.100000
1780313704.883061,,,0.250000,1,1,"0:n=1,raw=0,src=BOARD_2/0",1,1,1,26,26,26,249,0,"26:39.9272,9.1600,-0.0148,0.0312",99.398435,9.126178,40.000000,9.100000
1780313705.213571,,,0.250000,1,1,"0:n=1,raw=0,src=BOARD_2/0",1,1,1,26,26,26,250,0,"26:39.8876,9.1700,-0.0357,0.0312",99.398435,9.126178,40.000000,9.100000
1780313705.556307,,,0.200851,1,1,"0:n=1,raw=0,src=BOARD_2/0",1,1,1,26,26,26,251,0,"26:39.8516,9.1733,-0.0499,0.0253",99.176896,9.179349,40.000000,9.100000
1780313705.897350,,,0.250000,1,1,"0:n=1,raw=0,src=BOARD_2/0",1,1,1,26,26,26,252,0,"26:39.8198,9.1760,-0.0595,0.0209",99.176896,9.179349,40.000000,9.100000
1780313706.230552,,,0.250000,1,1,"0:n=1,raw=0,src=BOARD_2/0",1,1,1,26,26,26,253,0,"26:39.7861,9.1767,-0.0684,0.0160",99.176896,9.179349,40.000000,9.100000
1780313706.562114,,,0.250000,1,1,"0:n=1,raw=0,src=BOARD_2/0",1,1,1,26,26,26,254,0,"26:39.7560,9.1914,-0.0734,0.0238",99.176896,9.179349,39.800000,9.100000
1780313706.906569,,,0.205353,1,1,"0:n=1,raw=0,src=BOARD_2/0",1,1,1,26,26,26,255,0,"26:39.7114,9.1963,-0.0850,0.0212",99.176896,9.179349,39.800000,9.100000
1780313707.238099,,,0.250000,1,1,"0:n=1,raw=0,src=BOARD_2/0",1,1,1,26,26,26,256,0,"26:39.6719,9.1939,-0.0925,0.0136",99.176896,9.179349,39.800000,9.100000
1780313707.594808,,,0.216612,1,1,"0:n=1,raw=0,src=BOARD_2/0",1,1,1,26,26,26,257,0,"26:39.6379,9.1867,-0.0931,0.0039",98.944211,9.197947,39.800000,9.100000
1780313707.928642,,,0.250000,1,1,"0:n=1,raw=0,src=BOARD_2/0",1,1,1,26,26,26,258,0,"26:39.6149,9.1815,-0.0889,-0.0014",98.944211,9.197947,39.800000,9.100000
1780313708.258956,,,0.250000,1,1,"0:n=1,raw=0,src=BOARD_2/0",1,1,1,26,26,26,259,0,"26:39.6107,9.1649,-0.0742,-0.0146",98.944211,9.197947,39.600000,9.100000
1780313708.595268,,,0.250000,1,1,"0:n=1,raw=0,src=BOARD_2/0",1,1,1,26,26,26,260,0,"26:39.6108,9.1497,-0.0598,-0.0232",98.944211,9.197947,39.600000,9.100000
1780313708.939070,,,0.204337,1,1,"0:n=1,raw=0,src=BOARD_2/0",1,1,1,26,26,26,261,0,"26:39.6217,9.1421,-0.0408,-0.0229",98.944211,9.197947,39.600000,9.100000
1780313709.270247,,,0.250000,1,1,"0:n=1,raw=0,src=BOARD_2/0",1,1,1,26,26,26,262,0,"26:39.6363,9.1407,-0.0240,-0.0181",98.944211,9.197947,39.600000,9.100000
1780313709.608886,,,0.250000,1,1,"0:n=1,raw=0,src=BOARD_2/0",1,1,1,26,26,26,263,0,"26:39.6377,9.1493,-0.0185,-0.0062",98.944211,9.197947,39.600000,9.100000
1780313709.940423,,,0.250000,1,1,"0:n=1,raw=0,src=BOARD_2/0",1,1,1,26,26,26,264,0,"26:39.6430,9.1537,-0.0118,-0.0011",98.944211,9.197947,39.600000,9.100000
1780313710.282653,,,0.202762,1,1,"0:n=1,raw=0,src=BOARD_2/0",1,1,1,26,26,26,265,0,"26:39.6395,9.1570,-0.0114,0.0018",98.944211,9.197947,39.600000,9.100000
1780313710.619433,,,0.250000,1,1,"0:n=1,raw=0,src=BOARD_2/0",1,1,1,26,26,26,266,0,"26:39.6441,9.1613,-0.0064,0.0049",98.944211,9.197947,39.600000,9.100000
1780313710.967549,,,0.212256,1,1,"0:n=1,raw=0,src=BOARD_2/0",1,1,1,26,26,26,267,0,"26:39.6497,9.1642,-0.0016,0.0059",98.944211,9.197947,39.600000,9.100000
1780313711.304646,,,0.250000,1,1,"0:n=1,raw=0,src=BOARD_2/0",1,1,1,26,26,26,268,0,"26:39.6428,9.1060,-0.0055,-0.0437",98.944211,9.197947,39.600000,9.100000
1780313711.642795,,,0.250000,1,1,"0:n=1,raw=0,src=BOARD_2/0",1,1,1,26,26,26,269,0,"26:39.6539,9.1358,0.0023,-0.0077",98.944211,9.197947,39.600000,9.100000
1780313711.977921,,,0.250000,1,1,"0:n=1,raw=0,src=BOARD_2/0",1,1,1,26,26,26,270,0,"26:39.6513,9.1507,0.0003,0.0064",98.944211,9.197947,39.600000,9.100000
1780313712.314077,,,0.250000,1,1,"0:n=1,raw=0,src=BOARD_2/0",1,1,1,26,26,26,271,0,"26:39.6492,9.1587,-0.0010,0.0112",98.944211,9.197947,39.600000,9.100000
1780313712.638519,,,0.250000,1,1,"0:n=1,raw=0,src=BOARD_2/0",1,1,1,26,26,26,272,0,"26:39.6588,9.1723,0.0049,0.0193",98.944211,9.197947,39.600000,9.100000
1780313712.984097,,,0.210221,1,1,"0:n=1,raw=0,src=BOARD_2/0",1,1,1,26,26,26,273,0,"26:39.6713,9.1724,0.0114,0.0140",98.944211,9.197947,39.600000,9.100000
1780313713.304618,,,0.250000,1,1,"0:n=1,raw=0,src=BOARD_2/0",1,1,1,26,26,26,274,0,"26:39.6790,9.1736,0.0138,0.0114",98.944211,9.197947,39.600000,9.100000
1780313713.645040,,,0.201293,1,1,"0:n=1,raw=0,src=BOARD_2/0",1,1,1,26,26,26,275,0,"26:39.6945,9.1716,0.0204,0.0066",98.944211,9.197947,39.600000,9.100000
1780313713.978407,,,0.250000,1,1,"0:n=1,raw=0,src=BOARD_2/0",1,1,1,26,26,26,276,0,"26:39.7251,9.1653,0.0351,-0.0003",98.944211,9.197947,39.600000,9.100000
1780313714.323379,,,0.204728,1,1,"0:n=1,raw=0,src=BOARD_2/0",1,1,1,26,26,26,277,0,"26:39.7435,9.1517,0.0390,-0.0114",98.944211,9.197947,39.600000,9.100000
1780313714.656544,,,0.250000,1,1,"0:n=1,raw=0,src=BOARD_2/0",1,1,1,26,26,26,278,0,"26:39.7719,9.1387,0.0488,-0.0191",98.944211,9.197947,39.600000,9.100000
1780313714.995260,,,0.204784,1,1,"0:n=1,raw=0,src=BOARD_2/0",1,1,1,26,26,26,279,0,"26:39.7994,9.1260,0.0556,-0.0242",98.944211,9.197947,39.600000,9.100000
1780313715.332194,,,0.250000,1,1,"0:n=1,raw=0,src=BOARD_2/0",1,1,1,26,26,26,280,0,"26:39.8208,9.1211,0.0579,-0.0219",98.944211,9.197947,39.600000,9.100000
1780313715.675049,,,0.204201,1,1,"0:n=1,raw=0,src=BOARD_2/0",1,1,1,26,26,26,281,0,"26:39.8442,9.1098,0.0601,-0.0250",98.944211,9.197947,39.600000,9.100000
1780313716.003889,,,0.250000,1,1,"0:n=1,raw=0,src=BOARD_2/0",1,1,1,26,26,26,282,0,"26:39.8454,9.1126,0.0490,-0.0161",99.162231,9.102245,39.600000,9.100000
1780313716.354507,,,0.216054,1,1,"0:n=1,raw=0,src=BOARD_2/0",1,1,1,26,26,26,283,0,"26:39.8428,9.1202,0.0368,-0.0053",99.162231,9.102245,39.600000,9.100000
1780313716.678765,,,0.250000,1,1,"0:n=1,raw=0,src=BOARD_2/0",1,1,1,26,26,26,284,0,"26:39.8331,9.1324,0.0236,0.0062",99.162231,9.102245,39.700000,9.100000
1780313717.019296,,,0.200414,1,1,"0:n=1,raw=0,src=BOARD_2/0",1,1,1,26,26,26,285,0,"26:39.8445,9.1385,0.0257,0.0095",99.162231,9.102245,39.700000,9.100000
1780313717.354193,,,0.250000,1,1,"0:n=1,raw=0,src=BOARD_2/0",1,1,1,26,26,26,286,0,"26:39.8519,9.1309,0.0251,0.0007",99.162231,9.102245,39.700000,9.100000
1780313717.700371,,,0.209506,1,1,"0:n=1,raw=0,src=BOARD_2/0",1,1,1,26,26,26,287,0,"26:39.8500,9.1345,0.0186,0.0034",99.162231,9.102245,39.700000,9.100000
1780313718.030465,,,0.250000,1,1,"0:n=1,raw=0,src=BOARD_2/0",1,1,1,26,26,26,288,0,"26:39.8406,9.1301,0.0092,-0.0011",99.162231,9.102245,39.700000,9.100000
1780313718.368234,,,0.201443,1,1,"0:n=1,raw=0,src=BOARD_2/0",1,1,1,26,26,26,289,0,"26:39.8311,9.1247,0.0014,-0.0052",99.162231,9.102245,39.700000,9.100000
1780313719.383966,,,0.250000,1,1,"0:n=1,raw=0,src=BOARD_2/0",1,1,1,26,26,26,290,0,"26:38.4758,9.0491,-0.7618,-0.0541",99.162231,9.102245,39.700000,9.100000
1780313719.725263,,,0.204606,1,1,"0:n=1,raw=0,src=BOARD_2/0",1,1,1,26,26,26,291,0,"26:37.4092,9.1307,-1.2214,0.0217",97.547235,9.032888,39.700000,9.100000
1780313720.056558,,,0.250000,1,1,"0:n=1,raw=0,src=BOARD_2/0",1,1,1,26,26,26,292,0,"26:36.6530,9.1354,-1.4380,0.0198",96.342819,9.137254,38.600000,9.100000
1780313720.397089,,,0.201758,1,1,"0:n=1,raw=0,src=BOARD_2/0",1,1,1,26,26,26,293,0,"26:36.0875,9.1165,-1.4840,-0.0017",95.521558,9.141381,38.200000,9.100000
1780313720.720087,,,0.250000,1,1,"0:n=1,raw=0,src=BOARD_2/0",1,1,1,26,26,26,294,0,"26:35.7437,9.1155,-1.4047,-0.0021",94.942310,9.115965,37.200000,9.100000
1780313721.066378,,,0.208890,1,1,"0:n=1,raw=0,src=BOARD_2/0",1,1,1,26,26,26,295,0,"26:35.5118,9.1056,-1.2464,-0.0097",94.622248,9.114835,36.100000,9.100000
1780313721.378912,,,0.242265,1,1,"0:n=1,raw=0,src=BOARD_2/0",1,1,1,26,26,26,296,0,"26:35.4422,9.0952,-1.0464,-0.0159",94.622248,9.114835,36.100000,9.100000
1780313721.706303,,,0.250000,1,1,"0:n=1,raw=0,src=BOARD_2/0",1,1,1,26,26,26,297,0,"26:35.4979,9.0889,-0.8032,-0.0169",94.622248,9.114835,35.200000,9.100000
1780313722.386136,,,0.250000,1,1,"0:n=1,raw=0,src=BOARD_2/0",1,1,1,26,26,26,298,0,"26:35.1093,9.0751,-0.7133,-0.0187",94.622248,9.114835,35.200000,9.100000
1780313722.713851,,,0.250000,1,1,"0:n=1,raw=0,src=BOARD_2/0",1,1,1,26,26,26,299,0,"26:34.5835,9.0691,-0.8885,-0.0187",94.195300,9.069436,35.200000,9.100000
1780313723.057155,,,0.203568,1,1,"0:n=1,raw=0,src=BOARD_2/0",1,1,1,26,26,26,300,0,"26:33.9114,9.1533,-1.1063,0.0538",93.616968,9.063504,35.200000,9.100000
1780313723.723806,,,0.243081,1,1,"0:n=1,raw=0,src=BOARD_2/0",1,1,1,26,26,26,301,0,"26:32.7666,9.0227,-1.3449,-0.0735",92.879457,9.169490,35.200000,9.100000
1780313724.062237,,,0.201245,1,1,"0:n=1,raw=0,src=BOARD_2/0",1,1,1,26,26,26,302,0,"26:31.7280,8.9712,-1.6896,-0.0945",91.663077,9.000642,33.400000,9.100000
1780313724.402834,,,0.201442,1,1,"0:n=1,raw=0,src=BOARD_2/0",1,1,1,26,26,26,303,0,"26:30.3936,9.0676,-2.1489,0.0115",90.521155,8.942864,32.500000,9.100000
1780313724.736348,,,0.250000,1,1,"0:n=1,raw=0,src=BOARD_2/0",1,1,1,26,26,26,304,0,"26:29.1230,9.0794,-2.5075,0.0184",89.048974,9.071057,32.200000,9.100000
1780313725.081463,,,0.208840,1,1,"0:n=1,raw=0,src=BOARD_2/0",1,1,1,26,26,26,305,0,"26:28.1435,9.1379,-2.5784,0.0620",87.670724,9.084925,31.200000,9.100000
1780313725.410354,,,0.250000,1,1,"0:n=1,raw=0,src=BOARD_2/0",1,1,1,26,26,26,306,0,"26:27.4819,9.1593,-2.4752,0.0632",86.669944,9.156537,29.700000,9.100000
1780313725.748961,,,0.250000,1,1,"0:n=1,raw=0,src=BOARD_2/0",1,1,1,26,26,26,307,0,"26:27.0835,9.1638,-2.2332,0.0503",86.039382,9.178275,28.600000,9.100000
1780313726.083876,,,0.250000,1,1,"0:n=1,raw=0,src=BOARD_2/0",1,1,1,26,26,26,308,0,"26:26.9399,9.1533,-1.8845,0.0286",85.713515,9.178926,27.200000,9.100000
